2025-08-31T10:53:29,51.791056,-3.967496,83.10,6,1.22,11.54,2.20,0,0,0,0,0,0,96,28,6,23.50,61.03,991.72,112601,0.2840,0.7040,0.4920
2025-08-31T10:53:30,51.791054,-3.967500,83.30,6,0.41,11.54,2.20,0,0,0,0,0,0,54,16,4,23.50,61.05,991.72,112753,0.2840,0.7040,0.5020
2025-08-31T10:53:31,51.791056,-3.967491,83.10,6,1.39,11.54,2.20,0,0,0,0,0,0,60,18,4,23.50,61.05,991.72,112829,0.2840,0.6800,0.4740
2025-08-31T10:53:32,51.791053,-3.967490,82.80,6,1.35,11.54,2.20,0,0,0,0,0,0,60,18,4,23.50,61.03,991.73,112601,0.2840,0.6980,0.5140
2025-08-31T10:53:33,51.791048,-3.967497,82.80,6,0.31,11.54,2.20,0,0,0,0,0,0,78,24,8,23.50,61.03,991.73,111996,0.2840,0.7160,0.5100
2025-08-31T10:53:34,51.791047,-3.967496,82.90,6,0.44,11.54,2.20,0,0,0,0,0,0,78,24,8,23.50,61.01,991.72,112829,0.2840,0.6900,0.5180
2025-08-31T10:53:35,51.791044,-3.967501,83.00,6,0.31,11.54,2.20,0,0,0,0,0,0,90,28,6,23.50,60.99,991.71,112525,0.2840,0.6580,0.4880
2025-08-31T10:53:36,51.791045,-3.967499,83.10,6,0.44,11.54,2.20,0,1,1,0,1,1,108,34,10,23.50,60.98,991.72,113520,0.2840,0.6800,0.4920
2025-08-31T10:53:37,51.791049,-3.967493,83.20,6,1.28,11.54,2.20,0,1,1,0,1,1,108,34,10,23.50,60.96,991.72,113058,0.2840,0.6440,0.5040
2025-08-31T10:53:38,51.791046,-3.967496,83.10,6,0.50,11.54,2.20,0,1,1,0,1,1,126,40,10,23.50,60.95,991.71,113597,0.2840,0.6800,0.5280
2025-08-31T10:53:39,51.791045,-3.967496,83.00,6,0.33,11.54,2.20,0,1,1,0,1,1,126,40,10,23.50,60.96,991.71,113366,0.2840,0.6520,0.5020
2025-08-31T10:53:40,51.791046,-3.967497,83.10,6,0.37,11.54,2.20,0,1,2,0,1,2,168,52,10,23.50,60.95,991.71,113830,0.2840,0.7040,0.5320
2025-08-31T10:53:41,51.791041,-3.967505,83.00,6,0.57,11.54,2.20,0,1,2,0,1,2,168,52,10,23.50,60.94,991.72,113520,0.2840,0.6880,0.4920
2025-08-31T10:53:42,51.791043,-3.967501,83.10,6,0.09,11.54,2.20,0,1,2,0,1,2,186,58,12,23.50,60.92,991.71,113443,0.2840,0.6800,0.5100
2025-08-31T10:53:43,51.791044,-3.967497,83.10,6,0.31,11.54,2.19,0,1,2,0,1,2,186,58,12,23.50,60.92,991.71,114219,0.2840,0.7020,0.5160
2025-08-31T10:53:44,51.791047,-3.967493,83.30,6,0.52,11.54,2.19,0,1,2,0,1,2,186,58,12,23.49,60.92,991.71,113907,0.2840,0.6700,0.5020
2025-08-31T10:53:45,51.791047,-3.967491,83.30,6,0.67,11.54,2.19,1,2,4,1,2,4,276,88,18,23.49,60.92,991.71,113058,0.2840,0.6760,0.5180
2025-08-31T10:53:46,51.791042,-3.967497,83.00,6,0.11,11.54,2.19,1,2,4,1,2,4,276,88,18,23.49,60.91,991.71,112677,0.2840,0.6740,0.4700
2025-08-31T10:53:47,51.791039,-3.967501,82.80,6,0.43,11.54,2.19,1,2,4,1,2,4,282,90,22,23.49,60.90,991.72,114769,0.2840,0.6860,0.4920
2025-08-31T10:53:48,51.791039,-3.967497,82.40,6,0.54,11.54,2.19,1,2,4,1,2,4,270,86,20,23.49,60.90,991.72,114141,0.2840,0.6880,0.4900
2025-08-31T10:53:49,51.791036,-3.967499,82.10,6,0.22,11.54,2.19,1,2,4,1,2,4,270,86,20,23.49,60.89,991.72,114297,0.2840,0.6660,0.5180
2025-08-31T10:53:50,51.791035,-3.967498,82.00,6,0.31,11.54,2.19,1,2,4,1,2,4,246,78,16,23.49,60.88,991.71,114376,0.2840,0.6780,0.5180
2025-08-31T10:53:51,51.791032,-3.967500,81.90,6,0.11,11.54,2.19,1,2,4,1,2,4,246,78,16,23.49,60.89,991.72,114297,0.2840,0.6640,0.4920
2025-08-31T10:53:52,51.791033,-3.967497,82.00,6,0.43,11.54,2.19,1,2,4,1,2,4,282,88,18,23.50,60.87,991.72,114063,0.2840,0.6720,0.5160
2025-08-31T10:53:53,51.791033,-3.967499,82.10,6,0.20,11.54,2.19,1,2,5,1,2,5,294,94,20,23.50,60.87,991.71,113443,0.2840,0.6800,0.5180
2025-08-31T10:53:54,51.791035,-3.967497,82.20,6,0.43,11.54,2.19,1,2,5,1,2,5,294,94,20,23.50,60.88,991.71,112905,0.2840,0.6820,0.4920
2025-08-31T10:53:55,51.791034,-3.967498,82.20,6,0.43,11.54,2.19,1,2,6,1,2,6,288,92,22,23.50,60.89,991.72,114219,0.2840,0.6540,0.5040
2025-08-31T10:53:56,51.791032,-3.967502,82.30,6,0.06,11.54,2.19,1,2,6,1,2,6,288,92,22,23.50,60.90,991.71,113907,0.2840,0.6760,0.5340
2025-08-31T10:53:57,51.791029,-3.967504,82.00,6,0.30,11.54,2.19,1,1,6,1,1,6,246,78,22,23.50,60.90,991.71,113597,0.2840,0.6580,0.5180
2025-08-31T10:53:58,51.791025,-3.967510,82.00,6,0.61,11.54,2.19,1,1,5,1,1,5,228,72,20,23.50,60.89,991.72,113135,0.2840,0.7020,0.4920
2025-08-31T10:53:59,51.791027,-3.967506,82.10,6,0.37,11.54,2.19,1,1,5,1,1,5,228,72,20,23.50,60.90,991.72,113366,0.2840,0.6700,0.5020
2025-08-31T10:54:00,51.791021,-3.967514,81.70,6,0.35,11.54,2.19,1,1,6,1,1,6,252,80,20,23.50,60.89,991.72,114219,0.2840,0.6780,0.5180
2025-08-31T10:54:01,51.791019,-3.967518,81.60,6,0.57,11.54,2.19,1,1,6,1,1,6,252,80,20,23.50,60.88,991.72,113597,0.2840,0.6840,0.4840
2025-08-31T10:54:02,51.791011,-3.967529,81.10,6,1.46,11.54,2.19,0,1,3,0,1,3,168,50,14,23.50,60.87,991.72,113675,0.2840,0.6640,0.4840
2025-08-31T10:54:03,51.791004,-3.967538,80.60,6,1.54,11.54,2.19,0,1,3,0,1,3,168,50,14,23.50,60.87,991.72,113675,0.2840,0.6720,0.4940
2025-08-31T10:54:04,51.791000,-3.967539,80.20,6,0.74,11.54,2.19,0,0,3,0,0,3,168,50,10,23.50,60.85,991.71,113675,0.2840,0.6440,0.4940
2025-08-31T10:54:05,51.790993,-3.967550,79.80,6,1.37,11.54,2.19,0,0,3,0,0,3,174,52,10,23.50,60.85,991.70,113597,0.2840,0.6800,0.5280
2025-08-31T10:54:06,51.790992,-3.967552,79.90,5,1.35,11.54,4.29,0,0,3,0,0,3,174,52,10,23.50,60.85,991.71,114219,0.2840,0.6760,0.5020
2025-08-31T10:54:07,51.790995,-3.967546,79.80,5,0.24,11.54,4.28,0,1,3,0,1,3,192,58,14,23.50,60.84,991.71,113830,0.2840,0.6520,0.4920
2025-08-31T10:54:08,51.790998,-3.967541,79.80,5,0.57,11.54,4.28,0,1,3,0,1,3,192,58,14,23.50,60.85,991.71,113135,0.2840,0.6820,0.5180
2025-08-31T10:54:09,51.791004,-3.967531,79.80,5,1.50,11.54,4.28,0,1,3,0,1,3,168,52,12,23.50,60.86,991.71,112982,0.2840,0.6800,0.5140
2025-08-31T10:54:10,51.791009,-3.967524,80.00,5,1.56,11.54,4.28,0,0,1,0,0,1,132,38,6,23.50,60.85,991.70,112829,0.2840,0.6760,0.4960
2025-08-31T10:54:11,51.791011,-3.967520,79.90,5,1.22,11.54,4.28,0,0,1,0,0,1,132,38,6,23.50,60.87,991.71,113675,0.2840,0.6780,0.4660
2025-08-31T10:54:12,51.791008,-3.967525,79.90,5,0.35,11.54,4.28,0,0,0,0,0,0,150,44,6,23.50,60.87,991.70,112905,0.2840,0.6540,0.5040
2025-08-31T10:54:13,51.791010,-3.967522,80.00,5,0.76,11.54,4.28,0,0,0,0,0,0,150,44,6,23.50,60.87,991.71,113135,0.2840,0.6920,0.4920
2025-08-31T10:54:14,51.791010,-3.967520,79.80,5,0.43,11.54,4.28,0,0,0,0,0,0,150,46,6,23.50,60.89,991.71,113520,0.2840,0.6680,0.4920
2025-08-31T10:54:15,51.791007,-3.967522,79.70,5,0.46,11.54,4.28,0,0,0,0,0,0,156,48,6,23.50,60.90,991.71,112982,0.2840,0.6800,0.5180
2025-08-31T10:54:16,51.791007,-3.967517,79.40,5,0.13,11.54,4.28,0,0,0,0,0,0,156,48,6,23.50,60.92,991.71,113212,0.2840,0.6580,0.4920
2025-08-31T10:54:17,51.791005,-3.967520,79.10,5,0.20,11.54,4.28,0,0,0,0,0,0,144,44,6,23.50,60.91,991.71,113058,0.2840,0.6700,0.5140
2025-08-31T10:54:18,51.791005,-3.967520,79.00,5,0.17,11.54,4.28,0,0,0,0,0,0,144,44,6,23.50,60.93,991.70,113212,0.2840,0.7020,0.5180
2025-08-31T10:54:19,51.791011,-3.967508,78.80,5,1.20,11.54,4.28,0,0,0,0,0,0,162,52,8,23.50,60.93,991.71,112982,0.2840,0.7060,0.4760
2025-08-31T10:54:20,51.791010,-3.967506,78.60,5,0.61,11.54,4.27,0,0,0,0,0,0,162,52,8,23.50,60.93,991.71,113135,0.2840,0.7140,0.5180
2025-08-31T10:54:21,51.791013,-3.967497,78.30,5,1.30,11.54,4.27,0,0,0,0,0,0,162,52,8,23.50,60.94,991.70,114533,0.2840,0.6760,0.5020
2025-08-31T10:54:22,51.791010,-3.967498,78.10,5,0.83,11.54,4.27,0,0,0,0,0,0,156,50,8,23.50,60.94,991.69,113366,0.2840,0.6620,0.5200
2025-08-31T10:54:23,51.791008,-3.967499,77.80,5,0.13,11.54,4.27,0,0,0,0,0,0,156,50,8,23.50,60.96,991.69,113597,0.2840,0.6960,0.5100
2025-08-31T10:54:24,51.791005,-3.967498,77.50,5,0.06,11.54,4.27,0,1,1,0,1,1,198,64,8,23.50,60.95,991.70,113443,0.2840,0.6760,0.4980
2025-08-31T10:54:25,51.791002,-3.967501,77.20,5,0.48,11.54,4.27,0,1,1,0,1,1,198,64,8,23.51,60.94,991.71,113985,0.2840,0.6780,0.4840
2025-08-31T10:54:26,51.791002,-3.967500,77.00,5,0.07,11.54,4.27,0,1,1,0,1,1,192,62,8,23.51,60.92,991.71,113212,0.2840,0.6520,0.5000
2025-08-31T10:54:27,51.790997,-3.967505,76.70,5,0.44,11.54,4.27,0,1,1,0,1,1,186,62,8,23.51,60.93,991.71,113597,0.2840,0.6840,0.4920
2025-08-31T10:54:28,51.790995,-3.967507,76.40,5,0.48,11.54,4.27,0,1,1,0,1,1,186,62,8,23.51,60.92,991.70,113520,0.2840,0.6660,0.4980
2025-08-31T10:54:29,51.790992,-3.967511,76.30,5,0.87,11.54,4.27,0,1,1,0,1,1,192,64,6,23.51,60.91,991.70,113366,0.2840,0.6720,0.5100
2025-08-31T10:54:30,51.790989,-3.967508,75.80,5,0.17,11.54,4.27,0,1,1,0,1,1,192,64,6,23.51,60.92,991.70,113907,0.2840,0.6960,0.5140
2025-08-31T10:54:31,51.790989,-3.967507,75.70,5,0.44,11.54,4.27,0,0,0,0,0,0,216,70,10,23.51,60.91,991.71,113366,0.2840,0.6600,0.4720
2025-08-31T10:54:32,51.790990,-3.967500,75.50,5,1.24,11.54,4.26,0,0,0,0,0,0,264,84,12,23.51,60.92,991.71,114063,0.2840,0.6840,0.4940
2025-08-31T10:54:33,51.790986,-3.967505,75.40,5,0.48,11.54,4.26,0,0,0,0,0,0,264,84,12,23.51,60.91,991.70,114533,0.2840,0.6700,0.4760
2025-08-31T10:54:34,51.790982,-3.967511,75.20,5,0.33,11.54,4.26,1,1,1,1,1,1,276,88,12,23.50,60.92,991.70,113520,0.2840,0.6780,0.4980
2025-08-31T10:54:35,51.790976,-3.967518,74.90,5,0.67,11.54,4.26,1,1,1,1,1,1,276,88,12,23.50,60.93,991.70,114141,0.2840,0.6840,0.4880
2025-08-31T10:54:36,51.790974,-3.967518,74.70,5,0.24,11.54,4.26,1,1,1,1,1,1,258,82,10,23.51,60.91,991.69,114063,0.2840,0.6700,0.4960
2025-08-31T10:54:37,51.790970,-3.967520,74.50,5,0.43,11.54,4.26,1,1,1,1,1,1,264,84,10,23.51,60.92,991.69,113520,0.2840,0.7020,0.4660
2025-08-31T10:54:38,51.790970,-3.967513,74.20,5,0.24,11.54,4.26,1,1,1,1,1,1,264,84,10,23.51,60.91,991.69,113443,0.2840,0.6900,0.4960
2025-08-31T10:54:39,51.790968,-3.967514,74.00,5,0.13,11.54,4.26,1,1,1,1,1,1,282,88,10,23.51,60.92,991.69,113212,0.2840,0.6760,0.5060
2025-08-31T10:54:40,51.790967,-3.967512,73.90,5,0.57,11.54,4.26,1,1,1,1,1,1,282,88,10,23.51,60.91,991.70,113289,0.2840,0.7000,0.5040
2025-08-31T10:54:41,51.790967,-3.967508,73.70,5,0.96,11.54,4.26,0,1,1,0,1,1,234,70,8,23.51,60.93,991.70,112753,0.2840,0.6880,0.4920
2025-08-31T10:54:42,51.790970,-3.967502,73.70,5,1.13,11.54,4.26,0,1,1,0,1,1,222,66,8,23.51,60.89,991.71,113520,0.2840,0.6920,0.4940
2025-08-31T10:54:43,51.790968,-3.967501,73.40,5,1.02,11.54,4.25,0,1,1,0,1,1,222,66,8,23.51,60.90,991.71,113985,0.2840,0.6800,0.4780
2025-08-31T10:54:44,51.790965,-3.967503,73.10,5,0.72,11.54,4.25,1,1,2,1,1,2,252,76,12,23.51,60.90,991.71,113212,0.2840,0.6940,0.4820
2025-08-31T10:54:45,51.790960,-3.967507,72.50,5,0.54,11.54,4.25,1,1,2,1,1,2,252,76,12,23.51,60.90,991.71,114297,0.2840,0.6440,0.4620
2025-08-31T10:54:46,51.790957,-3.967511,72.40,5,0.07,11.54,4.25,0,0,1,0,0,1,222,64,12,23.51,60.89,991.71,113597,0.2840,0.6920,0.5100
2025-08-31T10:54:47,51.790955,-3.967509,72.10,5,0.15,11.54,4.25,0,0,1,0,0,1,222,64,12,23.51,60.89,991.72,113830,0.2840,0.6720,0.4640
2025-08-31T10:54:48,51.790958,-3.967504,72.00,5,0.72,11.54,4.25,0,0,1,0,0,1,222,66,10,23.51,60.91,991.72,113289,0.2840,0.6500,0.5280
2025-08-31T10:54:49,51.790955,-3.967506,71.70,5,0.54,11.54,4.25,0,0,1,0,0,1,168,50,8,23.51,60.90,991.71,113135,0.2840,0.6880,0.5020
2025-08-31T10:54:50,51.790956,-3.967502,71.40,5,1.09,11.54,4.25,0,0,1,0,0,1,168,50,8,23.51,60.91,991.71,113366,0.2840,0.7020,0.5040
2025-08-31T10:54:51,51.790951,-3.967508,71.10,5,0.19,11.54,4.25,0,0,1,0,0,1,150,44,8,23.51,60.90,991.71,113058,0.2840,0.6920,0.4920
2025-08-31T10:54:52,51.790951,-3.967504,70.90,5,0.63,11.54,4.25,0,0,0,0,0,0,150,44,8,23.51,60.91,991.72,113289,0.2840,0.7020,0.5180
2025-08-31T10:54:53,51.790949,-3.967507,70.90,5,0.33,11.54,4.25,0,0,0,0,0,0,162,48,8,23.51,60.90,991.72,113675,0.2840,0.6660,0.5160
2025-08-31T10:54:54,51.790947,-3.967512,70.90,5,0.11,11.54,4.25,0,0,0,0,0,0,144,42,8,23.51,60.91,991.72,113135,0.2840,0.6760,0.4920
2025-08-31T10:54:55,51.790950,-3.967510,71.00,5,0.48,11.54,4.24,0,0,1,0,0,1,144,42,8,23.51,60.91,991.72,112982,0.2840,0.6700,0.4840
2025-08-31T10:54:56,51.790950,-3.967509,70.90,5,0.59,11.54,4.24,0,1,2,0,1,2,168,50,18,23.51,60.91,991.72,113830,0.2840,0.6760,0.4900
2025-08-31T10:54:57,51.790950,-3.967509,70.80,5,0.56,11.54,4.24,0,1,2,0,1,2,168,50,18,23.51,60.91,991.71,113212,0.2840,0.6760,0.4980
2025-08-31T10:54:58,51.790951,-3.967509,70.80,5,0.74,11.54,4.24,0,0,0,0,0,0,174,54,18,23.51,60.93,991.71,112982,0.2840,0.6760,0.4720
2025-08-31T10:54:59,51.790951,-3.967510,70.90,5,0.67,11.54,4.24,0,0,0,0,0,0,180,56,18,23.51,60.93,991.71,114297,0.2840,0.6860,0.4660
2025-08-31T10:55:00,51.790950,-3.967512,70.90,5,0.28,11.54,4.24,0,0,0,0,0,0,180,56,18,23.51,60.92,991.71,114219,0.2840,0.6900,0.4780
2025-08-31T10:55:01,51.790955,-3.967512,71.70,5,0.41,11.54,4.24,0,1,1,0,1,1,162,50,14,23.51,60.92,991.72,113675,0.2840,0.6960,0.5160
2025-08-31T10:55:02,51.790953,-3.967517,71.80,5,0.13,11.54,4.24,0,1,1,0,1,1,162,50,14,23.51,60.92,991.72,113675,0.2840,0.7020,0.5280
2025-08-31T10:55:03,51.790954,-3.967519,72.10,5,0.07,11.54,4.24,1,1,1,1,1,1,198,62,14,23.51,60.89,991.72,114454,0.2840,0.6800,0.4880
2025-08-31T10:55:04,51.790951,-3.967526,72.30,5,0.43,11.54,4.24,0,0,0,0,0,0,186,54,12,23.51,60.90,991.72,113212,0.2840,0.6560,0.4920
2025-08-31T10:55:05,51.790949,-3.967535,72.50,5,1.06,11.54,4.24,0,0,0,0,0,0,186,54,12,23.51,60.89,991.72,113675,0.2840,0.6420,0.4560
2025-08-31T10:55:06,51.790949,-3.967537,72.70,5,0.54,11.54,4.23,0,0,0,0,0,0,186,54,12,23.51,60.88,991.72,113366,0.2840,0.6880,0.5180
2025-08-31T10:55:07,51.790945,-3.967543,72.70,5,0.78,11.54,4.23,0,0,0,0,0,0,186,54,12,23.51,60.89,991.72,113675,0.2840,0.6940,0.4940
2025-08-31T10:55:08,51.790943,-3.967548,72.70,5,0.72,11.54,4.23,0,0,0,0,0,0,186,54,14,23.51,60.87,991.72,113520,0.2840,0.6980,0.4780
2025-08-31T10:55:09,51.790943,-3.967551,72.90,5,0.56,11.54,4.23,0,0,0,0,0,0,186,54,14,23.51,60.87,991.73,113366,0.2840,0.6940,0.5100
2025-08-31T10:55:10,51.790941,-3.967554,72.90,5,0.80,11.54,4.23,0,0,0,0,0,0,186,54,18,23.51,60.86,991.72,113366,0.2840,0.6840,0.4920
2025-08-31T10:55:11,51.790941,-3.967554,72.90,5,0.30,11.54,4.23,0,0,0,0,0,0,210,58,20,23.51,60.87,991.73,112677,0.2840,0.6780,0.4740
2025-08-31T10:55:12,51.790948,-3.967543,73.10,5,1.28,11.54,4.23,0,0,0,0,0,0,210,58,20,23.51,60.87,991.74,113520,0.2840,0.6460,0.4860
2025-08-31T10:55:13,51.790946,-3.967546,72.80,5,0.74,11.54,4.23,0,0,2,0,0,2,180,50,12,23.51,60.87,991.74,113520,0.2840,0.6780,0.5160
2025-08-31T10:55:14,51.790944,-3.967549,72.90,5,0.22,11.54,4.23,0,0,2,0,0,2,180,50,12,23.51,60.86,991.74,113289,0.2840,0.7020,0.5200
2025-08-31T10:55:15,51.790941,-3.967553,72.80,5,0.33,11.54,4.23,0,0,2,0,0,2,192,52,10,23.51,60.86,991.74,112753,0.2840,0.6880,0.4660
2025-08-31T10:55:16,51.790943,-3.967551,73.40,6,0.31,11.54,2.17,0,0,2,0,0,2,174,46,10,23.51,60.84,991.74,113597,0.2840,0.6940,0.5220
2025-08-31T10:55:17,51.790951,-3.967547,74.60,6,0.09,11.54,2.17,0,0,2,0,0,2,174,46,10,23.51,60.85,991.75,112905,0.2840,0.6760,0.5280
2025-08-31T10:55:18,51.790956,-3.967545,75.60,6,0.11,11.54,2.17,0,0,2,0,0,2,174,46,10,23.51,60.83,991.75,114454,0.2840,0.6700,0.4940
2025-08-31T10:55:19,51.790956,-3.967548,76.10,6,0.81,11.54,2.17,0,0,2,0,0,2,174,46,10,23.51,60.84,991.76,113443,0.2840,0.6600,0.4980
2025-08-31T10:55:20,51.790950,-3.967557,76.30,6,1.67,11.54,2.17,0,0,2,0,0,2,138,36,10,23.51,60.82,991.76,113520,0.2840,0.6500,0.5160
2025-08-31T10:55:21,51.790950,-3.967561,76.50,6,1.17,11.54,2.17,0,0,3,0,0,3,126,36,12,23.51,60.83,991.75,113289,0.2840,0.6680,0.5020
2025-08-31T10:55:22,51.790948,-3.967567,76.70,6,1.30,11.54,2.17,0,0,3,0,0,3,126,36,12,23.51,60.83,991.74,113366,0.2840,0.6760,0.4760
2025-08-31T10:55:23,51.790950,-3.967564,76.90,6,0.50,11.54,2.17,0,0,3,0,0,3,138,38,12,23.51,60.84,991.74,113443,0.2840,0.6600,0.4680
2025-08-31T10:55:24,51.790949,-3.967569,77.10,6,1.02,11.54,2.17,0,0,3,0,0,3,138,38,12,23.51,60.82,991.74,112753,0.2840,0.6960,0.4680
2025-08-31T10:55:25,51.790950,-3.967568,77.00,6,0.19,11.54,2.17,0,0,2,0,0,2,132,36,10,23.51,60.84,991.74,113289,0.2840,0.6800,0.4840
2025-08-31T10:55:26,51.790955,-3.967563,77.40,6,0.67,11.54,2.17,0,0,2,0,0,2,150,42,6,23.51,60.86,991.74,113289,0.2840,0.6560,0.4860
2025-08-31T10:55:27,51.790961,-3.967557,77.70,6,1.07,11.54,2.17,0,0,2,0,0,2,150,42,6,23.51,60.84,991.73,112829,0.2840,0.6760,0.4820
2025-08-31T10:55:28,51.790962,-3.967558,78.20,6,0.35,11.54,2.17,0,0,3,0,0,3,150,46,4,23.51,60.86,991.73,113212,0.2840,0.6820,0.4920
2025-08-31T10:55:29,51.790962,-3.967559,78.40,6,0.15,11.54,2.17,0,0,3,0,0,3,150,46,4,23.51,60.85,991.73,113212,0.2840,0.6900,0.5140
2025-08-31T10:55:30,51.790963,-3.967556,78.50,6,0.43,11.54,2.17,0,1,2,0,1,2,186,58,6,23.51,60.84,991.72,113675,0.2840,0.6960,0.4980
2025-08-31T10:55:31,51.790965,-3.967552,78.70,6,0.61,11.54,2.17,0,1,2,0,1,2,186,58,6,23.51,60.84,991.71,112982,0.2840,0.7020,0.4920
2025-08-31T10:55:32,51.790963,-3.967556,78.70,6,0.20,11.54,2.17,0,0,0,0,0,0,168,54,6,23.51,60.84,991.71,113366,0.2840,0.6760,0.4960
2025-08-31T10:55:33,51.790964,-3.967548,78.00,6,1.13,11.54,2.17,0,0,2,0,0,2,186,58,8,23.51,60.83,991.70,113289,0.2840,0.6700,0.5180
2025-08-31T10:55:34,51.790963,-3.967553,78.60,6,0.17,11.54,2.17,0,0,2,0,0,2,186,58,8,23.51,60.81,991.70,114454,0.2840,0.6780,0.4960
2025-08-31T10:55:35,51.790961,-3.967558,78.80,6,0.67,11.54,2.17,0,0,2,0,0,2,174,54,10,23.51,60.80,991.70,113675,0.2840,0.6680,0.4880
2025-08-31T10:55:36,51.790962,-3.967560,79.20,6,0.81,11.54,2.17,0,0,2,0,0,2,174,54,10,23.51,60.79,991.70,114690,0.2840,0.6840,0.4880
2025-08-31T10:55:37,51.790970,-3.967552,79.80,6,0.39,11.54,2.17,0,0,3,0,0,3,180,56,10,23.51,60.79,991.71,114141,0.2840,0.6780,0.5180
2025-08-31T10:55:38,51.790971,-3.967557,80.40,6,0.76,11.54,2.17,0,0,5,0,0,5,192,60,12,23.51,60.79,991.70,113520,0.2840,0.6860,0.5160
2025-08-31T10:55:39,51.790974,-3.967553,80.70,6,0.06,11.54,2.17,0,0,5,0,0,5,192,60,12,23.51,60.80,991.70,113830,0.2840,0.6640,0.5020
2025-08-31T10:55:40,51.790977,-3.967552,81.20,6,0.11,11.54,2.17,0,0,4,0,0,4,180,58,12,23.51,60.80,991.70,113443,0.2840,0.6760,0.5100
2025-08-31T10:55:41,51.790977,-3.967556,81.70,6,0.70,11.54,2.16,0,0,4,0,0,4,180,58,12,23.51,60.82,991.70,113597,0.2840,0.6700,0.4980
2025-08-31T10:55:42,51.790977,-3.967557,82.00,6,0.78,11.54,2.16,0,0,4,0,0,4,204,66,12,23.51,60.80,991.71,113289,0.2840,0.6920,0.4780
2025-08-31T10:55:43,51.790976,-3.967561,82.30,6,0.80,11.54,2.16,0,0,7,0,0,7,204,64,22,23.52,60.80,991.70,113058,0.2840,0.6600,0.5080
2025-08-31T10:55:44,51.790975,-3.967563,82.40,6,0.72,11.54,2.16,0,0,7,0,0,7,204,64,22,23.52,60.82,991.72,114063,0.2840,0.6580,0.5160
2025-08-31T10:55:45,51.790975,-3.967565,82.60,6,0.69,11.54,2.16,0,0,7,0,0,7,180,56,22,23.52,60.84,991.72,113520,0.2840,0.6840,0.5020
2025-08-31T10:55:46,51.790976,-3.967564,82.80,6,0.56,11.54,2.16,0,0,7,0,0,7,180,56,22,23.52,60.84,991.71,113675,0.2840,0.7100,0.5100
2025-08-31T10:55:47,51.790976,-3.967564,82.70,6,0.30,11.54,2.16,0,0,7,0,0,7,174,54,20,23.52,60.85,991.72,113366,0.2840,0.6760,0.5060
2025-08-31T10:55:48,51.790979,-3.967561,82.80,6,0.37,11.54,2.16,0,0,7,0,0,7,162,50,20,23.52,60.86,991.72,113830,0.2840,0.6720,0.5180
2025-08-31T10:55:49,51.790981,-3.967560,83.00,6,0.17,11.54,2.16,0,1,8,0,1,8,162,50,20,23.52,60.86,991.72,113985,0.2840,0.6600,0.4840
2025-08-31T10:55:50,51.790984,-3.967558,83.40,6,0.15,11.54,2.16,0,1,8,0,1,8,174,56,20,23.52,60.86,991.72,114454,0.2840,0.6340,0.4840
2025-08-31T10:55:51,51.790988,-3.967560,84.10,6,0.76,11.54,2.16,0,1,8,0,1,8,174,56,20,23.52,60.85,991.72,114690,0.2840,0.6840,0.5000
2025-08-31T10:55:52,51.790992,-3.967555,84.30,6,0.31,11.54,2.16,0,1,8,0,1,8,174,56,18,23.52,60.85,991.73,114297,0.2840,0.7020,0.4580
2025-08-31T10:55:53,51.790995,-3.967554,84.40,6,0.30,11.54,2.16,0,1,8,0,1,8,174,56,18,23.52,60.84,991.73,114141,0.2840,0.6660,0.4680
2025-08-31T10:55:54,51.790998,-3.967550,84.60,6,0.54,11.54,2.16,0,1,8,0,1,8,168,54,18,23.52,60.84,991.73,114063,0.2840,0.6680,0.4900
2025-08-31T10:55:55,51.790997,-3.967551,84.60,6,0.19,11.54,2.16,0,1,4,0,1,4,156,50,14,23.52,60.82,991.72,114611,0.2840,0.6780,0.5040
2025-08-31T10:55:56,51.790998,-3.967551,84.60,6,0.35,11.54,2.16,0,1,4,0,1,4,156,50,14,23.52,60.82,991.72,113985,0.2840,0.7080,0.4960
2025-08-31T10:55:57,51.790999,-3.967548,84.50,6,0.44,11.54,2.16,0,2,5,0,2,5,228,74,18,23.52,60.82,991.71,113907,0.2840,0.6760,0.4920
2025-08-31T10:55:58,51.790996,-3.967551,84.40,6,0.11,11.54,2.16,0,2,5,0,2,5,228,74,18,23.52,60.80,991.71,113985,0.2840,0.6660,0.5100
2025-08-31T10:55:59,51.791000,-3.967544,84.20,6,0.98,11.54,2.16,0,2,5,0,2,5,222,70,20,23.52,60.82,991.71,113366,0.2840,0.6480,0.4760
2025-08-31T10:56:00,51.790996,-3.967550,84.10,6,0.33,11.54,2.16,0,1,3,0,1,3,192,62,10,23.52,60.82,991.71,113289,0.2840,0.6600,0.5080
2025-08-31T10:56:01,51.790994,-3.967555,84.10,6,0.72,11.54,2.16,0,1,3,0,1,3,192,62,10,23.52,60.83,991.71,113907,0.2840,0.6780,0.5080
2025-08-31T10:56:02,51.790987,-3.967564,83.80,6,1.30,11.54,2.16,0,1,3,0,1,3,198,64,12,23.52,60.84,991.71,113520,0.2840,0.6860,0.5000
2025-08-31T10:56:03,51.790985,-3.967567,83.60,6,1.09,11.54,2.16,0,1,3,0,1,3,198,64,12,23.52,60.83,991.72,113135,0.2840,0.6960,0.4760
2025-08-31T10:56:04,51.790986,-3.967565,83.50,6,0.57,11.54,2.16,0,1,3,0,1,3,168,54,10,23.52,60.83,991.73,113212,0.2840,0.6760,0.4920
2025-08-31T10:56:05,51.790985,-3.967566,83.50,6,0.76,11.54,2.16,0,1,3,0,1,3,174,56,10,23.52,60.83,991.73,113212,0.2840,0.7020,0.4700
2025-08-31T10:56:06,51.790989,-3.967560,83.30,6,0.54,11.54,2.16,0,1,3,0,1,3,174,56,10,23.52,60.84,991.73,113366,0.2840,0.6880,0.4740
2025-08-31T10:56:07,51.790989,-3.967558,83.00,6,0.56,11.54,2.16,0,1,1,0,1,1,162,52,8,23.52,60.85,991.72,113212,0.2840,0.6780,0.5020
2025-08-31T10:56:08,51.790991,-3.967558,83.20,6,0.46,11.54,2.16,0,1,1,0,1,1,162,52,8,23.52,60.86,991.71,113597,0.2840,0.6740,0.4840
2025-08-31T10:56:09,51.790992,-3.967562,83.60,6,0.56,11.54,2.16,0,1,2,0,1,2,174,56,12,23.52,60.86,991.72,113752,0.2840,0.6560,0.4880
2025-08-31T10:56:10,51.790994,-3.967563,83.90,6,0.33,11.54,2.16,0,1,3,0,1,3,186,60,14,23.52,60.86,991.73,113907,0.2840,0.6580,0.4840
2025-08-31T10:56:11,51.790995,-3.967564,84.00,6,0.26,11.54,2.16,0,1,3,0,1,3,186,60,14,23.52,60.84,991.72,113597,0.2840,0.6760,0.4900
2025-08-31T10:56:12,51.790995,-3.967565,84.20,6,0.09,11.54,2.16,0,1,3,0,1,3,192,62,16,23.52,60.84,991.73,113212,0.2840,0.6760,0.4660
2025-08-31T10:56:13,51.790995,-3.967568,84.50,6,0.33,11.54,2.16,0,1,3,0,1,3,192,62,16,23.52,60.84,991.74,113830,0.2840,0.6880,0.4660
2025-08-31T10:56:14,51.790999,-3.967568,85.00,6,0.44,11.54,2.16,0,1,3,0,1,3,126,40,14,23.52,60.82,991.73,113830,0.2840,0.6820,0.4920
2025-08-31T10:56:15,51.791001,-3.967566,85.00,6,0.65,11.54,2.16,0,1,3,0,1,3,126,40,14,23.52,60.83,991.74,113366,0.2840,0.6740,0.4960
2025-08-31T10:56:16,51.791002,-3.967567,85.40,6,0.44,11.54,2.16,0,0,4,0,0,4,126,42,14,23.52,60.83,991.74,113443,0.2840,0.6840,0.4720
2025-08-31T10:56:17,51.791004,-3.967569,85.90,6,0.19,11.54,2.16,0,1,4,0,1,4,144,48,14,23.52,60.83,991.74,113366,0.2840,0.6760,0.5180
2025-08-31T10:56:18,51.791006,-3.967570,86.40,6,0.41,11.54,2.15,0,1,4,0,1,4,144,48,14,23.52,60.82,991.74,113675,0.2840,0.7040,0.5080
2025-08-31T10:56:19,51.791009,-3.967569,86.40,6,0.59,11.54,2.15,0,1,3,0,1,3,150,48,12,23.52,60.82,991.74,113830,0.2840,0.7020,0.4860
2025-08-31T10:56:20,51.791008,-3.967570,86.70,6,0.06,11.54,2.15,0,1,3,0,1,3,150,48,12,23.52,60.82,991.74,113443,0.2840,0.6700,0.4920
2025-08-31T10:56:21,51.791007,-3.967572,86.90,6,0.15,11.54,2.15,0,1,3,0,1,3,150,46,12,23.52,60.82,991.74,113597,0.2840,0.6680,0.5040
2025-08-31T10:56:22,51.791007,-3.967570,87.00,6,0.22,11.54,2.15,0,1,3,0,1,3,162,48,12,23.52,60.82,991.74,113135,0.2840,0.6780,0.5220
2025-08-31T10:56:23,51.791008,-3.967570,86.90,6,0.57,11.54,2.15,0,1,3,0,1,3,162,48,12,23.52,60.81,991.74,113597,0.2840,0.6560,0.4860
2025-08-31T10:56:24,51.791008,-3.967571,86.80,6,0.54,11.54,2.15,0,1,3,0,1,3,162,48,12,23.52,60.81,991.74,113675,0.2840,0.6940,0.4980
2025-08-31T10:56:25,51.791009,-3.967572,86.80,6,0.46,11.54,2.15,0,1,3,0,1,3,162,48,12,23.52,60.82,991.73,113675,0.2840,0.6780,0.5040
2025-08-31T10:56:26,51.791009,-3.967573,86.70,6,0.59,11.54,2.15,0,0,3,0,0,3,156,46,8,23.52,60.83,991.74,113752,0.2840,0.6740,0.4720
2025-08-31T10:56:27,51.791009,-3.967574,86.70,6,0.67,11.54,2.15,0,0,2,0,0,2,144,42,6,23.52,60.81,991.73,113752,0.2840,0.6840,0.4620
2025-08-31T10:56:28,51.791009,-3.967575,86.90,6,0.37,11.54,2.15,0,0,2,0,0,2,144,42,6,23.52,60.82,991.73,113520,0.2840,0.6760,0.5100
2025-08-31T10:56:29,51.791009,-3.967576,87.00,6,0.15,11.54,2.15,0,0,1,0,0,1,138,40,4,23.52,60.81,991.73,113597,0.2840,0.6960,0.4740
2025-08-31T10:56:30,51.791009,-3.967578,86.90,6,0.17,11.54,2.15,0,0,1,0,0,1,138,40,4,23.52,60.81,991.73,113830,0.2840,0.6940,0.4860
2025-08-31T10:56:31,51.791007,-3.967580,86.80,6,0.13,11.54,2.15,0,0,3,0,0,3,138,40,4,23.52,60.80,991.74,113366,0.2840,0.6580,0.4740
2025-08-31T10:56:32,51.791007,-3.967580,86.50,6,0.48,11.54,2.15,0,0,2,0,0,2,126,36,2,23.52,60.81,991.74,113212,0.2840,0.6780,0.5140
2025-08-31T10:56:33,51.791007,-3.967580,86.40,6,0.33,11.54,2.15,0,0,2,0,0,2,126,36,2,23.52,60.81,991.74,113443,0.2840,0.6900,0.4960
2025-08-31T10:56:34,51.791007,-3.967580,86.50,6,0.07,11.54,2.15,0,0,1,0,0,1,114,30,2,23.52,60.83,991.75,113520,0.2840,0.6760,0.5000
2025-08-31T10:56:35,51.791006,-3.967581,86.60,6,0.30,11.54,2.15,0,0,1,0,0,1,114,30,2,23.52,60.84,991.75,113366,0.2840,0.6760,0.4920
2025-08-31T10:56:36,51.791007,-3.967580,86.50,6,0.37,11.54,2.15,0,0,3,0,0,3,120,34,6,23.52,60.83,991.75,113212,0.2840,0.6840,0.4660
2025-08-31T10:56:37,51.791008,-3.967579,86.20,6,0.78,11.54,2.15,0,0,4,0,0,4,126,38,10,23.52,60.84,991.75,113212,0.2840,0.6740,0.4680
2025-08-31T10:56:38,51.791007,-3.967579,86.00,6,0.54,11.54,2.15,0,0,4,0,0,4,126,38,10,23.52,60.85,991.75,114219,0.2840,0.6760,0.5160
2025-08-31T10:56:39,51.791007,-3.967578,85.90,6,0.35,11.54,2.15,0,0,4,0,0,4,132,42,10,23.52,60.84,991.74,113443,0.2840,0.6980,0.4780
2025-08-31T10:56:40,51.791007,-3.967578,86.20,5,0.22,11.54,4.69,0,0,4,0,0,4,132,42,10,23.52,60.84,991.74,113058,0.2840,0.7060,0.5180
2025-08-31T10:56:41,51.791006,-3.967576,86.30,5,0.56,11.54,4.69,0,0,5,0,0,5,138,44,12,23.52,60.84,991.73,113289,0.2840,0.6800,0.4860
2025-08-31T10:56:42,51.791004,-3.967576,86.50,5,0.22,11.54,4.69,0,0,5,0,0,5,138,44,12,23.52,60.83,991.72,113985,0.2840,0.6740,0.4920
2025-08-31T10:56:43,51.791005,-3.967575,86.80,5,0.04,11.54,4.69,0,0,6,0,0,6,144,46,12,23.52,60.85,991.72,114141,0.2840,0.6920,0.4780
2025-08-31T10:56:44,51.791006,-3.967575,86.90,5,0.17,11.54,4.69,0,0,6,0,0,6,150,48,12,23.52,60.86,991.71,113366,0.2840,0.6740,0.5020
2025-08-31T10:56:45,51.791005,-3.967574,87.00,5,0.39,11.54,4.69,0,0,6,0,0,6,150,48,12,23.52,60.87,991.72,113752,0.2840,0.6820,0.4760
2025-08-31T10:56:46,51.791006,-3.967575,87.10,5,0.72,11.54,4.69,0,0,7,0,0,7,150,48,14,23.53,60.88,991.72,113366,0.2840,0.6700,0.4740
2025-08-31T10:56:47,51.791006,-3.967574,87.10,5,0.59,11.54,4.69,0,0,7,0,0,7,150,48,14,23.53,60.88,991.71,113830,0.2840,0.6700,0.4900
2025-08-31T10:56:48,51.791007,-3.967574,87.20,5,0.19,11.54,4.69,0,0,5,0,0,5,150,48,12,23.53,60.86,991.71,113212,0.2840,0.6760,0.5180
2025-08-31T10:56:49,51.791007,-3.967575,87.10,5,0.52,11.54,4.69,0,0,5,0,0,5,156,50,14,23.53,60.87,991.70,113212,0.2840,0.6760,0.4660
2025-08-31T10:56:50,51.791007,-3.967576,86.90,5,0.91,11.54,4.69,0,0,5,0,0,5,156,50,14,23.53,60.88,991.71,113212,0.2840,0.6540,0.4740
2025-08-31T10:56:51,51.791007,-3.967576,86.90,5,0.83,11.54,4.69,0,1,7,0,1,7,198,64,18,23.53,60.88,991.71,113135,0.2840,0.6420,0.5180
2025-08-31T10:56:52,51.791008,-3.967577,86.90,5,0.65,11.54,4.69,0,1,7,0,1,7,198,64,18,23.53,60.90,991.71,113212,0.2840,0.6740,0.4960
2025-08-31T10:56:53,51.791007,-3.967578,87.20,5,0.13,11.54,4.69,0,1,5,0,1,5,210,68,14,23.53,60.89,991.71,114141,0.2840,0.6680,0.4920
2025-08-31T10:56:54,51.791007,-3.967579,87.20,5,0.43,11.54,4.70,0,1,5,0,1,5,210,68,10,23.53,60.90,991.70,113212,0.2840,0.6740,0.4760
2025-08-31T10:56:55,51.791005,-3.967580,87.40,5,0.48,11.54,4.70,0,1,5,0,1,5,210,68,10,23.53,60.90,991.71,113443,0.2840,0.6940,0.4660
2025-08-31T10:56:56,51.791006,-3.967580,87.80,5,0.31,11.54,4.70,0,1,6,0,1,6,198,64,12,23.53,60.90,991.70,113907,0.2840,0.6720,0.5080
2025-08-31T10:56:57,51.791007,-3.967580,88.20,5,0.02,11.54,4.70,0,1,6,0,1,6,198,64,12,23.53,60.90,991.69,113135,0.2840,0.6680,0.4660
2025-08-31T10:56:58,51.791005,-3.967581,88.90,5,0.50,11.54,4.70,1,1,6,1,1,6,276,90,14,23.53,60.88,991.69,113675,0.2840,0.6640,0.4880
2025-08-31T10:56:59,51.791005,-3.967583,89.20,5,0.22,11.54,4.70,1,1,6,1,1,6,282,90,14,23.53,60.88,991.69,114063,0.2840,0.6760,0.4920
2025-08-31T10:57:00,51.791005,-3.967584,89.20,5,0.54,11.54,4.70,1,1,6,1,1,6,282,90,14,23.53,60.89,991.71,113366,0.2840,0.6760,0.4760
2025-08-31T10:57:01,51.791004,-3.967584,89.30,5,0.41,11.54,4.70,1,2,6,1,2,6,294,94,14,23.53,60.90,991.72,113752,0.2840,0.6760,0.4840
2025-08-31T10:57:02,51.791004,-3.967585,89.40,5,0.19,11.54,4.70,1,2,6,1,2,6,294,94,14,23.53,60.90,991.73,114063,0.2840,0.6760,0.5140
2025-08-31T10:57:03,51.791002,-3.967585,89.40,5,0.57,11.54,4.70,1,2,5,1,2,5,300,96,12,23.53,60.87,991.73,113520,0.2840,0.6800,0.5020
2025-08-31T10:57:04,51.791001,-3.967586,89.50,5,0.59,11.54,4.70,1,2,5,1,2,5,300,96,12,23.53,60.86,991.74,113985,0.2840,0.6760,0.4920
2025-08-31T10:57:05,51.791001,-3.967585,89.50,5,0.65,11.54,4.70,1,2,5,1,2,5,312,100,14,23.53,60.87,991.75,114297,0.2840,0.6900,0.4660
2025-08-31T10:57:06,51.791001,-3.967585,89.60,5,0.43,11.54,4.70,2,2,5,2,2,5,312,100,12,23.53,60.85,991.76,113752,0.2840,0.6900,0.4660
2025-08-31T10:57:07,51.791002,-3.967585,89.50,5,0.78,11.54,4.70,2,2,5,2,2,5,312,100,12,23.53,60.84,991.76,113675,0.2840,0.6780,0.4660
2025-08-31T10:57:08,51.791002,-3.967586,89.70,5,1.02,11.54,4.70,1,2,3,1,2,3,288,92,10,23.53,60.82,991.76,114769,0.2840,0.6980,0.5020
2025-08-31T10:57:09,51.791003,-3.967586,89.90,5,0.87,11.54,4.70,1,2,3,1,2,3,288,92,10,23.53,60.81,991.76,114611,0.2840,0.6640,0.4840
2025-08-31T10:57:10,51.791005,-3.967586,90.20,5,0.67,11.54,4.70,1,1,3,1,1,3,264,84,10,23.53,60.81,991.75,113752,0.2840,0.6740,0.4740
2025-08-31T10:57:11,51.791005,-3.967587,90.30,5,0.35,11.54,4.70,1,1,3,1,1,3,270,84,10,23.53,60.80,991.75,114533,0.2840,0.6400,0.4720
2025-08-31T10:57:12,51.791005,-3.967588,90.30,5,0.65,11.54,4.70,1,1,3,1,1,3,270,84,10,23.53,60.78,991.74,113830,0.2840,0.6720,0.4740
2025-08-31T10:57:13,51.791005,-3.967588,90.30,5,1.00,11.54,4.70,1,1,1,1,1,1,276,86,10,23.53,60.79,991.73,113985,0.2840,0.6760,0.4740
2025-08-31T10:57:14,51.791007,-3.967587,90.30,5,1.02,11.54,4.70,1,1,1,1,1,1,276,86,10,23.53,60.80,991.73,114063,0.2840,0.6960,0.5180
2025-08-31T10:57:15,51.791007,-3.967588,90.70,5,0.39,11.54,4.70,0,0,0,0,0,0,186,56,6,23.53,60.79,991.73,113752,0.2840,0.6460,0.4960
2025-08-31T10:57:16,51.791009,-3.967588,90.70,5,0.46,11.54,4.70,0,0,0,0,0,0,192,58,6,23.53,60.79,991.73,113907,0.2840,0.6640,0.4920
2025-08-31T10:57:17,51.791011,-3.967587,90.90,5,0.87,11.54,4.70,0,0,0,0,0,0,192,58,6,23.53,60.76,991.73,113830,0.2840,0.6480,0.4960
2025-08-31T10:57:18,51.791014,-3.967586,91.00,5,1.35,11.54,4.70,0,0,0,0,0,0,174,52,6,23.53,60.79,991.72,113520,0.2840,0.6780,0.5060
2025-08-31T10:57:19,51.791017,-3.967584,91.10,5,1.50,11.54,4.70,0,0,0,0,0,0,174,52,6,23.53,60.80,991.72,113675,0.2840,0.6620,0.4880
2025-08-31T10:57:20,51.791019,-3.967584,91.10,5,1.15,11.54,4.70,0,0,0,0,0,0,198,58,6,23.53,60.81,991.72,113752,0.2840,0.6520,0.4920
2025-08-31T10:57:21,51.791022,-3.967583,90.80,5,1.61,11.54,4.70,1,1,1,1,1,1,210,62,4,23.53,60.82,991.72,113520,0.2840,0.6880,0.4620
2025-08-31T10:57:22,51.791024,-3.967583,91.20,5,1.44,11.54,4.70,1,1,1,1,1,1,210,62,4,23.54,60.81,991.73,114141,0.2840,0.6920,0.4740
2025-08-31T10:57:23,51.791026,-3.967583,91.40,5,1.15,11.54,4.70,0,0,0,0,0,0,204,60,4,23.54,60.85,991.72,113830,0.2840,0.6920,0.4900
2025-08-31T10:57:24,51.791027,-3.967583,91.60,5,0.63,11.54,4.70,0,0,0,0,0,0,204,60,4,23.54,60.87,991.73,113135,0.2840,0.6840,0.4920
2025-08-31T10:57:25,51.790979,-3.967576,84.00,6,0.50,11.54,2.14,0,0,0,0,0,0,192,58,2,23.54,60.87,991.73,113443,0.2840,0.6800,0.4740
2025-08-31T10:57:26,51.790981,-3.967575,84.20,5,0.61,11.54,4.70,0,0,0,0,0,0,192,58,2,23.54,60.87,991.72,113520,0.2840,0.6700,0.4840
2025-08-31T10:57:27,51.790979,-3.967575,84.10,5,0.54,11.54,4.71,1,1,1,1,1,1,240,74,2,23.54,60.87,991.72,113597,0.2840,0.6960,0.4740
2025-08-31T10:57:28,51.790979,-3.967576,84.30,5,0.09,11.54,4.71,1,1,1,1,1,1,240,76,4,23.54,60.86,991.71,113289,0.2840,0.6960,0.5020
2025-08-31T10:57:29,51.790982,-3.967574,84.50,5,0.24,11.54,4.71,1,1,1,1,1,1,240,76,4,23.54,60.86,991.71,113597,0.2840,0.6780,0.4900
2025-08-31T10:57:30,51.790984,-3.967573,84.70,5,0.37,11.54,4.71,1,1,1,1,1,1,234,74,2,23.54,60.86,991.72,114297,0.2840,0.7020,0.4920
2025-08-31T10:57:31,51.790985,-3.967575,84.90,5,0.37,11.54,4.71,1,1,1,1,1,1,234,74,2,23.54,60.84,991.72,113985,0.2840,0.6680,0.4940
2025-08-31T10:57:32,51.790986,-3.967575,85.20,5,0.35,11.54,4.71,1,1,1,1,1,1,246,78,2,23.54,60.85,991.71,113135,0.2840,0.6740,0.4860
2025-08-31T10:57:33,51.790989,-3.967576,85.80,5,0.17,11.54,4.71,1,1,1,1,1,1,228,74,2,23.54,60.85,991.71,114454,0.2840,0.6720,0.5160
2025-08-31T10:57:34,51.790971,-3.967574,83.20,6,0.31,11.54,2.13,1,1,1,1,1,1,228,74,2,23.54,60.83,991.70,114769,0.2840,0.6600,0.4760
2025-08-31T10:57:35,51.790952,-3.967573,80.60,6,0.28,11.54,2.13,1,1,1,1,1,1,258,84,6,23.54,60.84,991.70,113830,0.2840,0.6700,0.4940
2025-08-31T10:57:36,51.790937,-3.967570,78.30,6,0.50,11.54,2.13,1,1,1,1,1,1,258,84,6,23.54,60.83,991.69,113366,0.2840,0.6900,0.5180
2025-08-31T10:57:37,51.790920,-3.967568,75.90,6,0.17,11.54,2.13,1,1,1,1,1,1,246,82,8,23.54,60.83,991.69,114297,0.2840,0.6720,0.4880
2025-08-31T10:57:38,51.790903,-3.967565,73.20,6,0.06,11.54,2.13,1,1,1,1,1,1,234,78,10,23.54,60.82,991.69,113289,0.2840,0.6760,0.4920
2025-08-31T10:57:39,51.790888,-3.967563,70.90,6,0.09,11.54,2.13,1,1,1,1,1,1,234,78,10,23.54,60.83,991.70,114141,0.2840,0.6660,0.4960
2025-08-31T10:57:40,51.790889,-3.967562,71.20,5,0.22,11.54,4.71,1,1,1,1,1,1,240,80,10,23.54,60.82,991.70,114063,0.2840,0.6940,0.4920
2025-08-31T10:57:41,51.790894,-3.967561,71.90,5,0.00,11.54,4.71,1,1,1,1,1,1,240,80,10,23.55,60.83,991.70,113985,0.2840,0.6700,0.4820
2025-08-31T10:57:42,51.790897,-3.967560,72.20,5,0.15,11.54,4.71,1,1,1,1,1,1,222,74,10,23.55,60.83,991.70,114533,0.2840,0.6720,0.4780
2025-08-31T10:57:43,51.790898,-3.967559,72.10,5,0.26,11.54,4.71,1,1,1,1,1,1,192,64,12,23.55,60.83,991.70,113520,0.2840,0.6760,0.4960
2025-08-31T10:57:44,51.790903,-3.967558,72.40,5,0.61,11.54,4.71,1,1,1,1,1,1,192,64,12,23.55,60.82,991.70,113752,0.2840,0.6580,0.4840
2025-08-31T10:57:45,51.790909,-3.967557,73.20,5,0.46,11.54,4.71,1,1,1,1,1,1,180,60,10,23.55,60.82,991.70,114533,0.2840,0.6920,0.5000
2025-08-31T10:57:46,51.790912,-3.967557,73.60,5,0.24,11.54,4.71,1,1,1,1,1,1,180,60,10,23.55,60.82,991.70,113752,0.2840,0.6580,0.4920
2025-08-31T10:57:47,51.790916,-3.967556,73.90,5,0.19,11.54,4.71,1,1,1,1,1,1,180,60,10,23.55,60.80,991.70,113675,0.2840,0.6860,0.4660
2025-08-31T10:57:48,51.790918,-3.967556,74.30,5,0.31,11.54,4.71,1,1,1,1,1,1,180,60,10,23.55,60.81,991.70,113752,0.2840,0.6840,0.4740
2025-08-31T10:57:49,51.790921,-3.967556,74.90,5,0.17,11.54,4.71,1,1,1,1,1,1,180,60,10,23.55,60.80,991.71,113597,0.2840,0.6740,0.4660
2025-08-31T10:57:50,51.790924,-3.967556,75.40,5,0.20,11.54,4.71,1,1,3,1,1,3,186,62,12,23.55,60.80,991.71,113520,0.2840,0.6820,0.4940
2025-08-31T10:57:51,51.790926,-3.967556,75.40,5,0.30,11.54,4.71,1,1,3,1,1,3,186,62,12,23.55,60.82,991.71,113520,0.2840,0.6720,0.4660
2025-08-31T10:57:52,51.790934,-3.967556,76.70,4,0.22,11.54,2.32,0,0,1,0,0,1,156,52,8,23.55,60.80,991.71,114611,0.2840,0.6760,0.4840
2025-08-31T10:57:53,51.790935,-3.967554,75.60,4,0.35,11.54,2.32,0,0,1,0,0,1,156,52,8,23.55,60.79,991.71,113830,0.2840,0.6740,0.4560
2025-08-31T10:57:54,51.790937,-3.967554,74.50,4,0.61,11.54,2.32,0,0,1,0,0,1,132,44,6,23.55,60.79,991.72,114769,0.2840,0.6600,0.4920
2025-08-31T10:57:55,51.790938,-3.967554,75.10,4,0.54,11.54,2.32,0,0,2,0,0,2,120,40,4,23.55,60.80,991.73,114297,0.2840,0.6640,0.4700
2025-08-31T10:57:56,51.790938,-3.967552,75.50,6,0.39,11.54,2.13,0,0,2,0,0,2,120,40,4,23.55,60.81,991.74,113985,0.2840,0.6540,0.4900
2025-08-31T10:57:57,51.790937,-3.967549,76.30,6,0.44,11.54,2.13,0,0,2,0,0,2,114,38,4,23.55,60.82,991.74,113135,0.2840,0.6840,0.4980
2025-08-31T10:57:58,51.790936,-3.967548,75.80,6,0.39,11.54,2.13,0,0,2,0,0,2,114,38,4,23.55,60.82,991.74,114376,0.2840,0.6560,0.4820
2025-08-31T10:57:59,51.790934,-3.967548,75.40,6,0.02,11.54,2.13,0,0,3,0,0,3,132,44,6,23.55,60.83,991.75,113907,0.2840,0.6580,0.4760
2025-08-31T10:58:00,51.790931,-3.967549,75.30,6,0.39,11.54,2.13,0,0,2,0,0,2,114,38,4,23.55,60.83,991.75,114769,0.2840,0.6680,0.4920
2025-08-31T10:58:01,51.790931,-3.967547,75.60,6,0.33,11.54,2.13,0,0,2,0,0,2,114,38,4,23.55,60.81,991.76,113985,0.2840,0.6400,0.5080
2025-08-31T10:58:02,51.790930,-3.967545,75.60,6,0.15,11.54,2.13,0,0,2,0,0,2,120,38,4,23.55,60.82,991.76,113985,0.2840,0.6480,0.5020
2025-08-31T10:58:03,51.790928,-3.967544,75.50,6,0.11,11.54,2.13,0,0,2,0,0,2,120,38,4,23.55,60.82,991.77,113597,0.2840,0.6600,0.4880
2025-08-31T10:58:04,51.790926,-3.967544,75.40,6,0.15,11.54,2.13,0,0,2,0,0,2,108,34,4,23.55,60.83,991.78,114141,0.2840,0.6520,0.4840
2025-08-31T10:58:05,51.790924,-3.967543,75.30,6,0.30,11.54,2.12,0,0,2,0,0,2,90,28,4,23.55,60.85,991.79,113520,0.2840,0.6500,0.5100
2025-08-31T10:58:06,51.790921,-3.967543,75.20,6,0.24,11.54,2.12,0,0,2,0,0,2,90,28,4,23.55,60.86,991.79,113830,0.2840,0.6520,0.4640
2025-08-31T10:58:07,51.790919,-3.967542,75.20,6,0.02,11.54,2.12,0,0,0,0,0,0,96,30,2,23.55,60.84,991.79,114769,0.2840,0.6960,0.4940
2025-08-31T10:58:08,51.790918,-3.967541,75.10,5,0.09,11.54,4.71,0,0,0,0,0,0,96,30,2,23.55,60.83,991.79,114063,0.2840,0.6920,0.4980
2025-08-31T10:58:09,51.790919,-3.967540,75.30,5,0.06,11.54,4.71,0,0,1,0,0,1,114,36,2,23.55,60.81,991.78,113520,0.2840,0.6980,0.4940
2025-08-31T10:58:10,51.790919,-3.967540,75.40,5,0.11,11.54,4.71,0,0,1,0,0,1,114,36,2,23.55,60.80,991.79,114219,0.2840,0.6580,0.4880
2025-08-31T10:58:11,51.790919,-3.967539,75.50,5,0.07,11.54,4.71,0,0,1,0,0,1,126,40,4,23.55,60.76,991.79,114454,0.2840,0.6440,0.4740
2025-08-31T10:58:12,51.790918,-3.967540,75.40,5,0.13,11.54,4.71,0,1,2,0,1,2,156,50,12,23.55,60.76,991.78,113830,0.2840,0.7040,0.4880
2025-08-31T10:58:13,51.790919,-3.967538,75.50,5,0.24,11.54,4.71,0,1,2,0,1,2,156,50,12,23.55,60.74,991.77,114376,0.2840,0.6660,0.5240
2025-08-31T10:58:14,51.790921,-3.967537,75.50,5,0.20,11.54,4.71,0,1,2,0,1,2,162,52,12,23.55,60.76,991.76,114297,0.2840,0.6960,0.5080
2025-08-31T10:58:15,51.790921,-3.967537,75.50,5,0.13,11.54,4.71,0,1,2,0,1,2,162,52,12,23.55,60.75,991.76,113675,0.2840,0.6760,0.4940
2025-08-31T10:58:16,51.790920,-3.967538,75.50,5,0.19,11.54,4.71,0,1,1,0,1,1,150,48,10,23.56,60.75,991.76,113597,0.2840,0.6780,0.4660
2025-08-31T10:58:17,51.790921,-3.967538,75.50,5,0.09,11.54,4.71,0,1,1,0,1,1,174,56,14,23.56,60.75,991.74,114376,0.2840,0.6600,0.4860
2025-08-31T10:58:18,51.790921,-3.967538,75.50,5,0.26,11.54,4.71,0,1,1,0,1,1,174,56,14,23.56,60.76,991.75,113366,0.2840,0.6720,0.4920
2025-08-31T10:58:19,51.790922,-3.967538,75.50,5,0.02,11.54,4.71,0,1,1,0,1,1,198,66,14,23.56,60.78,991.74,114141,0.2840,0.6760,0.4880
2025-08-31T10:58:20,51.790923,-3.967537,75.50,5,0.43,11.54,4.71,0,1,1,0,1,1,198,66,14,23.56,60.79,991.73,113520,0.2840,0.6800,0.5020
2025-08-31T10:58:21,51.790923,-3.967537,75.50,5,0.43,11.54,4.71,0,1,1,0,1,1,234,76,14,23.56,60.81,991.73,113985,0.2840,0.6780,0.4840
2025-08-31T10:58:22,51.790923,-3.967538,75.50,5,0.20,11.54,4.71,0,2,2,0,2,2,252,82,14,23.56,60.83,991.74,113443,0.2840,0.6900,0.4920
2025-08-31T10:58:23,51.790924,-3.967537,75.60,5,0.17,11.54,4.71,0,2,2,0,2,2,252,82,14,23.56,60.82,991.74,114454,0.2840,0.6860,0.4800
2025-08-31T10:58:24,51.790924,-3.967538,75.50,5,0.02,11.54,4.71,0,2,4,0,2,4,234,76,16,23.56,60.80,991.75,113830,0.2840,0.6440,0.4920
2025-08-31T10:58:25,51.790925,-3.967538,75.40,5,0.35,11.54,4.71,0,2,4,0,2,4,234,76,16,23.56,60.78,991.76,113597,0.2840,0.6760,0.4720
2025-08-31T10:58:26,51.790927,-3.967537,75.50,5,0.28,11.54,4.71,0,2,4,0,2,4,234,76,16,23.56,60.77,991.76,114063,0.2840,0.6200,0.4920
2025-08-31T10:58:27,51.790928,-3.967537,75.50,5,0.11,11.54,4.71,1,2,4,1,2,4,348,110,16,23.56,60.77,991.77,114690,0.2840,0.6740,0.4740
2025-08-31T10:58:28,51.790929,-3.967539,75.70,6,0.07,11.54,2.12,0,1,3,0,1,3,348,110,16,23.56,60.75,991.77,113830,0.2840,0.6800,0.4980
2025-08-31T10:58:29,51.790931,-3.967539,75.90,6,0.26,11.54,2.12,0,1,2,0,1,2,312,98,8,23.56,60.73,991.78,113597,0.2840,0.6780,0.4860
2025-08-31T10:58:30,51.790933,-3.967539,76.20,6,0.15,11.54,2.12,0,1,2,0,1,2,312,98,8,23.56,60.71,991.78,113985,0.2840,0.7020,0.5020
2025-08-31T10:58:31,51.790934,-3.967539,76.40,6,0.09,11.54,2.12,0,1,2,0,1,2,312,98,8,23.56,60.70,991.79,114927,0.2840,0.6760,0.4840
2025-08-31T10:58:32,51.790935,-3.967538,76.60,6,0.28,11.54,2.12,0,1,2,0,1,2,312,98,8,23.56,60.69,991.81,114297,0.2840,0.6560,0.4940
2025-08-31T10:58:33,51.790936,-3.967538,76.60,6,0.24,11.54,2.12,0,1,2,0,1,2,336,104,8,23.56,60.66,991.81,114769,0.2840,0.6540,0.4500
2025-08-31T10:58:34,51.790936,-3.967537,76.70,6,0.20,11.54,2.12,0,0,2,0,0,2,306,94,4,23.56,60.68,991.81,114063,0.2840,0.6920,0.4920
2025-08-31T10:58:35,51.790936,-3.967537,76.70,6,0.24,11.54,2.12,0,0,2,0,0,2,306,94,4,23.56,60.66,991.81,114141,0.2840,0.6940,0.4660
2025-08-31T10:58:36,51.790935,-3.967537,76.60,6,0.13,11.54,2.12,0,0,2,0,0,2,270,80,4,23.56,60.65,991.81,113985,0.2840,0.6840,0.4680
2025-08-31T10:58:37,51.790935,-3.967536,76.50,6,0.26,11.54,2.12,0,0,2,0,0,2,270,80,4,23.56,60.66,991.81,114690,0.2840,0.6540,0.4840
2025-08-31T10:58:38,51.790936,-3.967535,76.50,5,0.17,11.54,4.71,0,0,2,0,0,2,288,84,6,23.56,60.65,991.79,113985,0.2840,0.6680,0.4760
2025-08-31T10:58:39,51.790934,-3.967534,76.30,6,0.22,11.54,2.12,0,1,4,0,1,4,348,102,20,23.56,60.64,991.78,114063,0.2840,0.6800,0.4760
2025-08-31T10:58:40,51.790932,-3.967532,76.00,6,0.22,11.54,2.11,0,1,4,0,1,4,348,102,20,23.56,60.64,991.76,114063,0.2840,0.6560,0.4780
2025-08-31T10:58:41,51.790930,-3.967530,75.60,6,0.30,11.54,2.11,0,1,3,0,1,3,366,108,18,23.56,60.63,991.75,114611,0.2840,0.6780,0.5000
2025-08-31T10:58:42,51.790925,-3.967529,75.00,6,0.44,11.54,2.11,0,1,3,0,1,3,366,108,18,23.56,60.64,991.74,114297,0.2840,0.6760,0.4840
2025-08-31T10:58:43,51.790921,-3.967528,74.60,6,0.31,11.54,2.11,0,1,5,0,1,5,384,112,22,23.56,60.62,991.75,114297,0.2840,0.6680,0.4900
2025-08-31T10:58:44,51.790918,-3.967526,74.10,6,0.19,11.54,2.11,1,2,6,1,2,6,294,86,24,23.56,60.64,991.74,114454,0.2840,0.6980,0.4760
2025-08-31T10:58:45,51.790915,-3.967525,73.50,6,0.24,11.54,2.11,1,2,6,1,2,6,294,86,24,23.56,60.65,991.74,114297,0.2840,0.6720,0.5160
2025-08-31T10:58:46,51.790915,-3.967524,73.40,5,0.15,11.54,4.71,0,1,5,0,1,5,294,86,24,23.56,60.64,991.75,114690,0.2840,0.6740,0.4760
2025-08-31T10:58:47,51.790915,-3.967524,73.30,5,0.13,11.54,4.71,0,1,5,0,1,5,294,86,24,23.56,60.66,991.75,114848,0.2840,0.6700,0.5140
2025-08-31T10:58:48,51.790915,-3.967523,73.20,5,0.20,11.54,4.71,0,1,5,0,1,5,294,86,24,23.56,60.66,991.76,114219,0.2840,0.6540,0.4820
2025-08-31T10:58:49,51.790914,-3.967524,73.20,5,0.11,11.54,4.71,1,2,7,1,2,7,300,90,24,23.56,60.66,991.77,114297,0.2840,0.6700,0.4780
2025-08-31T10:58:50,51.790913,-3.967525,73.30,5,0.33,11.54,4.71,1,2,7,1,2,7,300,90,24,23.56,60.68,991.76,114297,0.2840,0.6420,0.4660
2025-08-31T10:58:51,51.790914,-3.967524,73.10,5,0.13,11.54,4.71,1,2,7,1,2,7,330,100,24,23.56,60.68,991.76,114297,0.2840,0.7020,0.5040
2025-08-31T10:58:52,51.790914,-3.967524,73.10,5,0.04,11.54,4.71,1,2,7,1,2,7,330,100,24,23.56,60.71,991.75,114533,0.2840,0.6740,0.4660
2025-08-31T10:58:53,51.790913,-3.967524,73.00,5,0.07,11.54,4.71,0,1,6,0,1,6,348,108,28,23.56,60.73,991.74,114219,0.2840,0.6720,0.4880
2025-08-31T10:58:54,51.790913,-3.967525,73.00,5,0.07,11.54,4.71,0,1,6,0,1,6,348,108,28,23.56,60.72,991.72,114376,0.2840,0.6760,0.4660
2025-08-31T10:58:55,51.790914,-3.967525,72.90,5,0.24,11.54,4.71,0,1,6,0,1,6,306,98,26,23.57,60.73,991.71,115086,0.2840,0.6620,0.4760
2025-08-31T10:58:56,51.790913,-3.967526,72.90,5,0.37,11.54,4.71,0,0,3,0,0,3,228,74,12,23.57,60.72,991.70,114533,0.2840,0.6720,0.4720
2025-08-31T10:58:57,51.790913,-3.967526,72.80,5,0.09,11.54,4.71,0,0,3,0,0,3,228,74,12,23.57,60.72,991.70,115245,0.2840,0.6700,0.4900
2025-08-31T10:58:58,51.790914,-3.967525,72.70,5,0.22,11.54,4.71,0,0,3,0,0,3,210,68,12,23.57,60.71,991.71,115165,0.2840,0.6760,0.5020
2025-08-31T10:58:59,51.790915,-3.967525,72.50,5,0.43,11.54,4.71,1,1,4,1,1,4,210,68,12,23.57,60.71,991.71,115006,0.2840,0.7040,0.4800
2025-08-31T10:59:00,51.790916,-3.967525,72.50,5,0.09,11.54,4.71,1,1,2,1,1,2,198,66,8,23.57,60.70,991.73,114848,0.2840,0.6520,0.4720
2025-08-31T10:59:01,51.790918,-3.967526,72.50,5,0.13,11.54,4.71,0,1,1,0,1,1,180,60,6,23.57,60.70,991.73,114376,0.2840,0.6960,0.4660
2025-08-31T10:59:02,51.790918,-3.967527,72.60,5,0.11,11.54,4.71,0,1,1,0,1,1,180,60,6,23.57,60.69,991.73,114690,0.2840,0.6760,0.4740
2025-08-31T10:59:03,51.790921,-3.967526,72.80,5,0.13,11.54,4.71,0,1,1,0,1,1,210,70,12,23.57,60.70,991.72,114769,0.2840,0.6520,0.4740
2025-08-31T10:59:04,51.790922,-3.967526,72.80,5,0.06,11.54,4.71,0,1,1,0,1,1,210,70,12,23.57,60.70,991.72,114848,0.2840,0.6520,0.4900
2025-08-31T10:59:05,51.790923,-3.967525,72.70,5,0.35,11.54,4.71,1,1,3,1,1,3,216,72,14,23.57,60.69,991.72,114297,0.2840,0.6540,0.4980
2025-08-31T10:59:06,51.790924,-3.967525,72.80,5,0.20,11.54,4.71,0,1,2,0,1,2,186,62,14,23.57,60.69,991.72,114141,0.2840,0.6760,0.5000
2025-08-31T10:59:07,51.790925,-3.967524,72.60,5,0.56,11.54,4.71,0,1,2,0,1,2,186,62,14,23.57,60.69,991.72,114219,0.2840,0.6760,0.4840
2025-08-31T10:59:08,51.790925,-3.967524,72.70,6,0.20,11.54,2.11,1,1,4,1,1,4,240,80,16,23.57,60.70,991.73,115165,0.2840,0.6760,0.5040
2025-08-31T10:59:09,51.790926,-3.967525,72.80,6,0.15,11.54,2.11,1,1,4,1,1,4,240,80,16,23.57,60.68,991.73,113597,0.2840,0.7020,0.4680
2025-08-31T10:59:10,51.790926,-3.967525,72.90,6,0.24,11.54,2.11,0,1,3,0,1,3,228,76,12,23.57,60.70,991.72,114141,0.2840,0.6600,0.4840
2025-08-31T10:59:11,51.790927,-3.967525,72.90,6,0.33,11.54,2.11,1,2,5,1,2,5,300,100,30,23.57,60.70,991.72,113597,0.2840,0.7000,0.4720
2025-08-31T10:59:12,51.790927,-3.967525,73.00,6,0.33,11.54,2.11,1,3,6,1,3,6,324,108,36,23.57,60.71,991.71,113520,0.2840,0.6700,0.4920
2025-08-31T10:59:13,51.790926,-3.967526,73.00,6,0.22,11.54,2.11,1,4,6,1,4,6,348,116,38,23.57,60.70,991.70,113752,0.2840,0.6500,0.4920
2025-08-31T10:59:14,51.790924,-3.967526,72.80,5,0.07,11.54,4.71,1,4,6,1,4,6,336,112,40,23.57,60.70,991.69,113443,0.2840,0.6760,0.4840
2025-08-31T10:59:15,51.790922,-3.967527,72.80,5,0.15,11.54,4.71,1,4,6,1,4,6,324,108,40,23.57,60.70,991.68,113675,0.2840,0.6940,0.4680
2025-08-31T10:59:16,51.790921,-3.967527,73.00,5,0.13,11.54,4.71,1,5,9,1,5,9,378,126,44,23.57,60.71,991.67,113752,0.2840,0.6880,0.4860
2025-08-31T10:59:17,51.790921,-3.967527,73.10,5,0.31,11.54,4.71,1,5,8,1,5,8,384,128,48,23.57,60.71,991.67,113675,0.2840,0.6520,0.4900
2025-08-31T10:59:18,51.790920,-3.967528,73.20,5,0.13,11.54,4.71,1,5,8,1,5,8,390,130,48,23.57,60.72,991.66,112753,0.2840,0.6700,0.4740
2025-08-31T10:59:19,51.790920,-3.967529,73.30,5,0.15,11.54,4.71,1,6,7,1,6,7,354,118,50,23.57,60.72,991.67,113212,0.2840,0.6780,0.4900
2025-08-31T10:59:20,51.790918,-3.967531,73.30,5,0.15,11.54,4.71,1,5,6,1,5,6,312,104,36,23.57,60.74,991.68,113135,0.2840,0.6920,0.4920
2025-08-31T10:59:21,51.790918,-3.967532,73.60,5,0.06,11.54,4.71,1,5,6,1,5,6,312,104,34,23.57,60.75,991.68,112905,0.2840,0.6580,0.4740
2025-08-31T10:59:22,51.790918,-3.967533,73.80,6,0.06,11.54,2.10,1,5,6,1,5,6,306,102,34,23.57,60.75,991.69,113597,0.2840,0.6920,0.4580
2025-08-31T10:59:23,51.790921,-3.967533,74.20,6,0.26,11.54,2.10,1,5,6,1,5,6,306,102,34,23.57,60.74,991.70,114376,0.2840,0.6840,0.4940
2025-08-31T10:59:24,51.790922,-3.967534,74.60,6,0.43,11.54,2.10,1,4,6,1,4,6,288,96,32,23.57,60.74,991.71,113366,0.2840,0.6900,0.4660
2025-08-31T10:59:25,51.790924,-3.967534,75.10,6,0.11,11.54,2.10,1,4,6,1,4,6,288,96,30,23.57,60.72,991.72,113675,0.2840,0.6680,0.4960
2025-08-31T10:59:26,51.790925,-3.967535,75.70,6,0.19,11.54,2.10,1,4,6,1,4,6,288,96,30,23.57,60.72,991.74,113675,0.2840,0.6680,0.4840
2025-08-31T10:59:27,51.790926,-3.967537,76.00,6,0.28,11.54,2.10,0,3,3,0,3,3,222,74,20,23.57,60.71,991.74,113907,0.2840,0.6800,0.4820
2025-08-31T10:59:28,51.790925,-3.967537,76.20,6,0.13,11.54,2.10,0,3,3,0,3,3,222,74,20,23.57,60.72,991.75,114297,0.2840,0.6400,0.5020
2025-08-31T10:59:29,51.790925,-3.967538,76.30,6,0.28,11.54,2.10,0,2,2,0,2,2,216,72,16,23.57,60.70,991.75,113520,0.2840,0.6520,0.4560
2025-08-31T10:59:30,51.790925,-3.967539,76.40,6,0.31,11.54,2.10,1,2,2,1,2,2,252,82,16,23.57,60.68,991.75,113985,0.2840,0.6800,0.4720
2025-08-31T10:59:31,51.790925,-3.967540,76.60,6,0.04,11.54,2.10,1,2,2,1,2,2,252,82,16,23.57,60.67,991.76,113520,0.2840,0.6320,0.4980
2025-08-31T10:59:32,51.790928,-3.967540,76.80,6,0.15,11.54,2.10,0,2,2,0,2,2,246,80,24,23.57,60.67,991.77,113443,0.2840,0.7000,0.5120
2025-08-31T10:59:33,51.790930,-3.967541,77.10,6,0.28,11.54,2.10,0,2,2,0,2,2,246,80,24,23.57,60.65,991.78,113597,0.2840,0.7020,0.4920
2025-08-31T10:59:34,51.790932,-3.967541,77.30,5,0.19,11.54,2.45,0,2,2,0,2,2,240,78,22,23.57,60.65,991.78,113597,0.2840,0.6520,0.4820
2025-08-31T10:59:35,51.790935,-3.967542,77.70,5,0.11,11.54,2.45,0,2,2,0,2,2,240,78,22,23.57,60.65,991.78,113520,0.2840,0.6520,0.4780
2025-08-31T10:59:36,51.790940,-3.967541,78.10,5,0.07,11.54,2.45,0,2,2,0,2,2,192,62,18,23.57,60.65,991.79,113830,0.2840,0.6760,0.4660
2025-08-31T10:59:37,51.790943,-3.967541,78.50,5,0.13,11.54,2.45,0,1,1,0,1,1,186,60,14,23.57,60.65,991.79,113985,0.2840,0.6820,0.4860
2025-08-31T10:59:38,51.790945,-3.967541,78.70,5,0.33,11.54,2.45,0,1,1,0,1,1,186,60,14,23.57,60.61,991.79,113366,0.2840,0.6760,0.4940
2025-08-31T10:59:39,51.790945,-3.967542,78.90,5,0.19,11.54,2.45,0,1,1,0,1,1,174,56,12,23.57,60.61,991.79,113366,0.2840,0.6740,0.4700
2025-08-31T10:59:40,51.790947,-3.967542,79.20,5,0.02,11.54,2.45,0,1,1,0,1,1,174,56,12,23.57,60.62,991.78,114533,0.2840,0.7020,0.5100
2025-08-31T10:59:41,51.790951,-3.967542,79.60,5,0.20,11.54,2.45,0,1,1,0,1,1,222,70,14,23.57,60.61,991.78,114063,0.2840,0.6740,0.4660
2025-08-31T10:59:42,51.790954,-3.967542,79.90,5,0.26,11.54,2.45,1,1,1,1,1,1,234,74,14,23.57,60.61,991.76,113907,0.2840,0.6740,0.4920
2025-08-31T10:59:43,51.790956,-3.967542,80.10,5,0.43,11.54,2.45,1,1,1,1,1,1,234,74,14,23.57,60.61,991.76,113675,0.2840,0.6720,0.5140
2025-08-31T10:59:44,51.790959,-3.967542,80.40,5,0.44,11.54,2.45,1,1,1,1,1,1,240,76,14,23.57,60.60,991.76,113212,0.2840,0.6900,0.4940
2025-08-31T10:59:45,51.790960,-3.967541,80.50,5,0.28,11.54,2.45,1,1,1,1,1,1,240,76,14,23.57,60.61,991.77,114063,0.2840,0.6480,0.5180
2025-08-31T10:59:46,51.790963,-3.967541,80.70,5,0.43,11.54,2.45,1,1,1,1,1,1,228,72,12,23.57,60.61,991.77,113058,0.2840,0.6660,0.4920
2025-08-31T10:59:47,51.790964,-3.967541,80.80,5,0.52,11.54,2.45,1,1,1,1,1,1,228,74,18,23.57,60.65,991.79,112525,0.2840,0.6760,0.4680
2025-08-31T10:59:48,51.790965,-3.967540,80.90,5,0.39,11.54,2.45,1,1,1,1,1,1,228,74,18,23.57,60.64,991.80,113058,0.2840,0.6580,0.4700
2025-08-31T10:59:49,51.790965,-3.967540,80.90,5,0.19,11.54,2.45,0,1,1,0,1,1,186,60,8,23.57,60.66,991.81,113058,0.2840,0.6700,0.4780
2025-08-31T10:59:50,51.790965,-3.967540,80.90,5,0.19,11.54,2.45,0,1,1,0,1,1,186,60,8,23.57,60.68,991.79,113443,0.2840,0.6760,0.4940
2025-08-31T10:59:51,51.790963,-3.967540,80.90,5,0.07,11.54,2.45,0,1,1,0,1,1,186,60,10,23.57,60.70,991.79,113597,0.2840,0.6760,0.5020
2025-08-31T10:59:52,51.790964,-3.967539,81.10,5,0.31,11.54,2.44,1,1,2,1,1,2,210,68,12,23.57,60.70,991.77,113597,0.2840,0.6820,0.4960
2025-08-31T10:59:53,51.790967,-3.967538,81.40,5,0.41,11.54,2.44,1,1,2,1,1,2,210,68,12,23.57,60.70,991.76,113058,0.2840,0.6520,0.4920
2025-08-31T10:59:54,51.790968,-3.967538,81.60,5,0.22,11.54,2.44,1,1,2,1,1,2,216,68,12,23.57,60.72,991.75,113212,0.2840,0.7120,0.4800
2025-08-31T10:59:55,51.790969,-3.967539,81.90,5,0.24,11.54,2.44,1,1,2,1,1,2,216,68,12,23.57,60.72,991.75,113366,0.2840,0.7260,0.4780
2025-08-31T10:59:56,51.790971,-3.967539,82.30,5,0.41,11.54,2.44,1,1,2,1,1,2,222,70,12,23.57,60.70,991.74,112905,0.2840,0.6800,0.4840
2025-08-31T10:59:57,51.790973,-3.967539,82.60,5,0.46,11.54,2.44,1,1,2,1,1,2,222,70,12,23.58,60.70,991.75,113135,0.2840,0.6600,0.4760
2025-08-31T10:59:58,51.790975,-3.967538,83.00,5,0.41,11.54,2.44,0,1,1,0,1,1,180,58,10,23.58,60.70,991.75,113443,0.2840,0.6780,0.4840
2025-08-31T10:59:59,51.790977,-3.967538,83.30,5,0.26,11.54,2.44,0,1,1,0,1,1,168,54,10,23.58,60.70,991.76,113597,0.2840,0.6760,0.4980
2025-08-31T11:00:00,51.790979,-3.967538,83.70,5,0.19,11.54,2.44,0,1,1,0,1,1,168,54,10,23.58,60.71,991.77,113675,0.2840,0.6700,0.4700
2025-08-31T11:00:01,51.790982,-3.967538,84.00,5,0.33,11.54,2.44,0,0,1,0,0,1,144,46,10,23.58,60.72,991.79,113058,0.2840,0.6960,0.4880
2025-08-31T11:00:02,51.790983,-3.967538,84.30,5,0.33,11.54,2.44,0,0,1,0,0,1,144,46,10,23.58,60.71,991.81,113597,0.2840,0.6800,0.5020
2025-08-31T11:00:03,51.790985,-3.967539,84.70,5,0.17,11.54,2.44,0,1,1,0,1,1,168,54,10,23.58,60.72,991.82,113366,0.2840,0.6680,0.4880
2025-08-31T11:00:04,51.790987,-3.967539,85.10,5,0.17,11.54,2.44,0,0,1,0,0,1,126,40,4,23.58,60.72,991.82,113675,0.2840,0.6840,0.4740
2025-08-31T11:00:05,51.790990,-3.967539,85.50,5,0.31,11.54,2.44,0,0,1,0,0,1,126,40,4,23.58,60.70,991.82,114141,0.2840,0.6700,0.4880
2025-08-31T11:00:06,51.790991,-3.967540,85.90,5,0.20,11.54,2.44,0,0,1,0,0,1,150,48,8,23.58,60.72,991.80,112905,0.2840,0.6820,0.4880
2025-08-31T11:00:07,51.790995,-3.967541,86.30,6,0.19,11.54,2.09,0,0,1,0,0,1,150,48,8,23.58,60.72,991.79,113058,0.2840,0.6760,0.5140
2025-08-31T11:00:08,51.790998,-3.967540,86.30,6,0.52,11.54,2.09,0,0,1,0,0,1,156,48,6,23.58,60.72,991.78,113830,0.2840,0.6740,0.4560
2025-08-31T11:00:09,51.791000,-3.967541,86.80,6,0.20,11.54,2.09,0,0,0,0,0,0,168,52,4,23.58,60.72,991.77,112982,0.2840,0.6760,0.4660
2025-08-31T11:00:10,51.791000,-3.967541,87.20,6,0.19,11.54,2.09,0,0,0,0,0,0,168,52,4,23.58,60.72,991.77,112905,0.2840,0.6580,0.4820
2025-08-31T11:00:11,51.791001,-3.967542,87.50,6,0.28,11.54,2.09,0,0,0,0,0,0,162,52,4,23.58,60.72,991.77,113752,0.2840,0.7000,0.4860
2025-08-31T11:00:12,51.791002,-3.967543,87.80,6,0.28,11.54,2.09,0,0,0,0,0,0,162,52,4,23.58,60.72,991.76,113289,0.2840,0.6740,0.4600
2025-08-31T11:00:13,51.791004,-3.967543,88.30,6,0.11,11.54,2.09,0,0,0,0,0,0,156,50,4,23.58,60.72,991.75,113752,0.2840,0.6720,0.4660
2025-08-31T11:00:14,51.791007,-3.967543,88.60,6,0.46,11.54,2.09,0,0,2,0,0,2,168,54,6,23.58,60.71,991.75,113058,0.2840,0.6960,0.4680
2025-08-31T11:00:15,51.791008,-3.967544,89.00,6,0.33,11.54,2.09,0,0,2,0,0,2,168,54,6,23.58,60.72,991.73,113907,0.2840,0.6420,0.5060
2025-08-31T11:00:16,51.791011,-3.967545,89.50,6,0.19,11.54,2.09,0,0,2,0,0,2,162,52,6,23.58,60.71,991.73,113985,0.2840,0.6780,0.4920
2025-08-31T11:00:17,51.791014,-3.967545,90.00,6,0.17,11.54,2.09,0,0,2,0,0,2,162,52,6,23.58,60.72,991.72,113058,0.2840,0.6860,0.4640
2025-08-31T11:00:18,51.791016,-3.967547,90.70,6,0.24,11.54,2.09,0,0,2,0,0,2,168,54,6,23.58,60.71,991.71,112753,0.2840,0.6860,0.5040
2025-08-31T11:00:19,51.791017,-3.967547,90.90,6,0.30,11.54,2.09,0,0,2,0,0,2,168,54,6,23.58,60.72,991.71,112905,0.2840,0.7020,0.4740
2025-08-31T11:00:20,51.791017,-3.967547,91.00,6,0.43,11.54,2.09,0,0,2,0,0,2,162,52,6,23.58,60.72,991.70,112829,0.2840,0.6640,0.4660
2025-08-31T11:00:21,51.791019,-3.967547,91.10,6,0.35,11.54,2.09,0,0,2,0,0,2,174,54,6,23.58,60.72,991.70,113212,0.2840,0.7020,0.4720
2025-08-31T11:00:22,51.791020,-3.967546,91.10,6,0.61,11.54,2.08,0,0,2,0,0,2,174,54,6,23.59,60.72,991.71,113135,0.2840,0.6600,0.4460
2025-08-31T11:00:23,51.791022,-3.967544,91.00,6,0.76,11.54,2.08,0,0,2,0,0,2,168,52,2,23.59,60.72,991.72,113058,0.2840,0.7020,0.4820
2025-08-31T11:00:24,51.791022,-3.967543,90.90,6,0.65,11.54,2.08,0,0,2,0,0,2,168,52,2,23.59,60.72,991.72,113212,0.2840,0.6960,0.4660
2025-08-31T11:00:25,51.791021,-3.967544,90.50,7,0.46,11.54,1.54,0,0,2,0,0,2,174,56,2,23.59,60.72,991.73,112905,0.2840,0.6840,0.4780
2025-08-31T11:00:26,51.791020,-3.967544,90.20,7,0.17,11.54,1.54,0,0,2,0,0,2,150,48,4,23.59,60.73,991.72,113830,0.2840,0.7020,0.4740
2025-08-31T11:00:27,51.791022,-3.967543,90.10,7,0.39,11.54,1.54,0,0,2,0,0,2,150,48,4,23.59,60.74,991.71,113058,0.2840,0.6900,0.4700
2025-08-31T11:00:28,51.791022,-3.967543,90.00,6,0.56,11.54,2.73,0,0,2,0,0,2,186,58,6,23.59,60.74,991.70,112753,0.2840,0.6780,0.4780
2025-08-31T11:00:29,51.791023,-3.967543,90.10,6,0.43,11.54,2.73,0,0,2,0,0,2,186,58,6,23.59,60.74,991.69,112449,0.2840,0.6980,0.4840
2025-08-31T11:00:30,51.791023,-3.967543,90.00,6,0.28,11.54,2.73,0,1,3,0,1,3,222,70,10,23.59,60.76,991.70,112677,0.2840,0.6660,0.4840
2025-08-31T11:00:31,51.791023,-3.967544,90.30,6,0.11,11.54,2.73,0,1,1,0,1,1,222,70,10,23.59,60.75,991.69,112525,0.2840,0.6840,0.5000
2025-08-31T11:00:32,51.791022,-3.967544,90.20,6,0.22,11.54,2.73,0,1,1,0,1,1,222,70,10,23.59,60.72,991.70,112829,0.2840,0.6480,0.4720
2025-08-31T11:00:33,51.791021,-3.967544,90.10,6,0.24,11.54,2.73,1,2,2,1,2,2,258,82,14,23.59,60.76,991.71,112753,0.2840,0.6720,0.4820
2025-08-31T11:00:34,51.791023,-3.967545,90.40,7,0.19,11.54,1.54,1,2,2,1,2,2,258,82,14,23.59,60.74,991.72,112601,0.2840,0.6880,0.5100
2025-08-31T11:00:35,51.791026,-3.967546,90.80,7,0.07,11.54,1.54,1,2,3,1,2,3,264,84,16,23.59,60.74,991.73,113675,0.2840,0.6680,0.4660
2025-08-31T11:00:36,51.791027,-3.967546,90.80,7,0.31,11.54,1.54,1,2,3,1,2,3,294,92,18,23.59,60.74,991.74,113289,0.2840,0.6860,0.4920
2025-08-31T11:00:37,51.791028,-3.967548,91.10,7,0.37,11.54,1.54,1,2,3,1,2,3,294,92,18,23.59,60.76,991.75,113135,0.2840,0.6980,0.4840
2025-08-31T11:00:38,51.791028,-3.967549,91.20,7,0.17,11.54,1.54,1,2,3,1,2,3,294,94,18,23.59,60.76,991.75,113443,0.2840,0.6680,0.5080
2025-08-31T11:00:39,51.791028,-3.967550,91.00,7,0.26,11.54,1.54,1,2,3,1,2,3,294,94,18,23.59,60.76,991.75,112982,0.2840,0.6760,0.4480
2025-08-31T11:00:40,51.791026,-3.967552,91.20,7,0.33,11.54,1.54,1,2,3,1,2,3,282,90,18,23.59,60.75,991.75,113289,0.2840,0.6700,0.4900
2025-08-31T11:00:41,51.791027,-3.967553,91.20,7,0.20,11.54,1.54,1,2,3,1,2,3,282,90,18,23.59,60.76,991.76,113366,0.2840,0.6640,0.4920
2025-08-31T11:00:42,51.791029,-3.967552,90.90,7,0.48,11.54,1.54,1,2,3,1,2,3,276,88,22,23.59,60.76,991.76,113443,0.2840,0.6760,0.4980
2025-08-31T11:00:43,51.791030,-3.967552,90.80,7,0.24,11.54,1.54,0,1,3,0,1,3,288,92,24,23.59,60.75,991.76,113058,0.2840,0.7040,0.4820
2025-08-31T11:00:44,51.791030,-3.967550,90.60,7,0.44,11.54,1.54,0,1,3,0,1,3,288,92,24,23.60,60.75,991.77,113289,0.2840,0.6760,0.4880
2025-08-31T11:00:45,51.791032,-3.967549,90.60,7,0.39,11.54,1.54,0,1,2,0,1,2,228,74,22,23.60,60.76,991.77,113058,0.2840,0.6760,0.4580
2025-08-31T11:00:46,51.791032,-3.967549,90.70,7,0.13,11.54,1.54,0,1,2,0,1,2,228,74,22,23.60,60.77,991.77,112982,0.2840,0.6780,0.4960
2025-08-31T11:00:47,51.791032,-3.967549,90.70,7,0.02,11.54,1.54,0,1,3,0,1,3,180,58,18,23.60,60.80,991.76,113212,0.2840,0.6760,0.4820
2025-08-31T11:00:48,51.791034,-3.967548,90.70,7,0.06,11.54,1.54,0,1,4,0,1,4,186,60,18,23.60,60.80,991.75,112753,0.2840,0.6860,0.4920
2025-08-31T11:00:49,51.791035,-3.967549,90.90,7,0.11,11.54,1.54,0,1,4,0,1,4,186,60,18,23.60,60.80,991.73,113366,0.2840,0.6800,0.4740
2025-08-31T11:00:50,51.791036,-3.967549,91.10,7,0.15,11.54,1.54,0,1,4,0,1,4,192,58,14,23.60,60.80,991.72,113443,0.2840,0.6600,0.4740
2025-08-31T11:00:51,51.791038,-3.967549,91.20,7,0.26,11.54,1.54,0,1,4,0,1,4,192,58,14,23.60,60.81,991.71,112525,0.2840,0.6800,0.5040
2025-08-31T11:00:52,51.791039,-3.967550,91.40,7,0.07,11.54,1.54,0,1,5,0,1,5,198,60,14,23.60,60.80,991.72,113597,0.2840,0.6780,0.4900
2025-08-31T11:00:53,51.791041,-3.967550,91.50,7,0.19,11.54,1.54,0,1,5,0,1,5,186,58,18,23.60,60.79,991.72,112905,0.2840,0.7020,0.5160
2025-08-31T11:00:54,51.791042,-3.967550,91.80,7,0.26,11.54,1.54,0,1,5,0,1,5,186,58,18,23.60,60.77,991.73,112753,0.2840,0.7000,0.4920
2025-08-31T11:00:55,51.791044,-3.967550,92.00,7,0.43,11.54,1.54,0,1,4,0,1,4,168,52,18,23.60,60.78,991.73,113289,0.2840,0.7120,0.4920
2025-08-31T11:00:56,51.791045,-3.967552,92.40,7,0.24,11.54,1.54,0,1,4,0,1,4,168,52,18,23.60,60.78,991.73,112829,0.2840,0.6560,0.4920
2025-08-31T11:00:57,51.791044,-3.967556,92.70,7,0.63,11.54,1.54,0,1,5,0,1,5,186,58,18,23.60,60.79,991.73,112753,0.2840,0.6500,0.4960
2025-08-31T11:00:58,51.791043,-3.967557,92.90,7,0.48,11.54,1.54,0,1,5,0,1,5,204,64,14,23.60,60.77,991.73,112601,0.2840,0.6680,0.4660
2025-08-31T11:00:59,51.791043,-3.967559,93.10,7,0.61,11.54,1.54,0,1,5,0,1,5,204,64,14,23.61,60.77,991.73,112982,0.2840,0.6920,0.4680
2025-08-31T11:01:00,51.791041,-3.967564,93.40,7,0.98,11.54,1.54,1,1,5,1,1,5,210,66,10,23.61,60.78,991.73,112525,0.2840,0.6740,0.4960
2025-08-31T11:01:01,51.791042,-3.967563,93.40,7,0.19,11.54,1.54,1,1,5,1,1,5,210,66,10,23.61,60.79,991.72,112753,0.2840,0.6760,0.5100
2025-08-31T11:01:02,51.791041,-3.967563,93.50,7,0.07,11.54,1.54,1,1,5,1,1,5,228,72,10,23.61,60.77,991.73,113443,0.2840,0.6880,0.4840
2025-08-31T11:01:03,51.791041,-3.967563,93.60,7,0.19,11.54,1.54,1,1,5,1,1,5,228,72,10,23.61,60.77,991.73,113597,0.2840,0.6820,0.4840
2025-08-31T11:01:04,51.791041,-3.967562,93.70,7,0.24,11.54,1.54,1,1,5,1,1,5,258,82,10,23.61,60.77,991.73,112982,0.2840,0.6680,0.4940
2025-08-31T11:01:05,51.791041,-3.967562,93.70,7,0.24,11.54,1.54,1,1,3,1,1,3,246,78,8,23.61,60.77,991.74,112905,0.2840,0.7020,0.5100
2025-08-31T11:01:06,51.791037,-3.967565,93.60,7,0.30,11.54,1.54,1,1,3,1,1,3,246,78,8,23.61,60.76,991.74,113135,0.2840,0.6700,0.4920
2025-08-31T11:01:07,51.791037,-3.967564,93.60,7,0.04,11.54,1.54,1,1,3,1,1,3,204,68,8,23.61,60.75,991.73,112753,0.2840,0.6740,0.4880
2025-08-31T11:01:08,51.791035,-3.967563,93.50,6,0.17,11.54,2.11,0,0,2,0,0,2,204,68,8,23.61,60.75,991.73,112829,0.2840,0.6740,0.5000
2025-08-31T11:01:09,51.791035,-3.967563,93.50,6,0.11,11.54,2.11,0,0,1,0,0,1,198,66,8,23.61,60.73,991.73,112525,0.2840,0.6940,0.4560
2025-08-31T11:01:10,51.791035,-3.967562,93.40,6,0.04,11.54,2.11,0,0,1,0,0,1,162,54,2,23.61,60.72,991.74,113443,0.2840,0.6700,0.4840
2025-08-31T11:01:11,51.791035,-3.967561,93.30,6,0.35,11.54,2.11,0,0,1,0,0,1,162,54,2,23.61,60.71,991.73,113443,0.2840,0.6760,0.4680
2025-08-31T11:01:12,51.791036,-3.967560,93.30,6,0.61,11.54,2.11,0,0,1,0,0,1,204,68,6,23.61,60.70,991.73,113212,0.2840,0.6780,0.4920
2025-08-31T11:01:13,51.791036,-3.967559,93.30,6,0.48,11.54,2.11,0,0,1,0,0,1,204,68,6,23.61,60.70,991.73,113058,0.2840,0.6960,0.5000
2025-08-31T11:01:14,51.791036,-3.967559,93.30,6,0.13,11.54,2.11,1,1,2,1,1,2,180,60,6,23.61,60.69,991.74,113752,0.2840,0.6540,0.4720
2025-08-31T11:01:15,51.791036,-3.967559,93.30,6,0.24,11.54,2.11,0,1,2,0,1,2,174,58,6,23.61,60.68,991.72,113907,0.2840,0.7100,0.5060
2025-08-31T11:01:16,51.791033,-3.967559,93.20,6,0.11,11.54,2.11,0,1,2,0,1,2,174,58,6,23.61,60.68,991.72,113443,0.2840,0.6780,0.4720
2025-08-31T11:01:17,51.791033,-3.967558,93.10,6,0.33,11.54,2.11,0,0,2,0,0,2,162,52,6,23.61,60.67,991.72,113366,0.2840,0.6660,0.5120
2025-08-31T11:01:18,51.791033,-3.967557,93.00,6,0.28,11.54,2.11,0,0,2,0,0,2,162,52,6,23.61,60.66,991.71,113675,0.2840,0.6880,0.4960
2025-08-31T11:01:19,51.791033,-3.967556,92.80,7,0.19,11.54,1.54,1,1,2,1,1,2,222,68,10,23.61,60.64,991.69,114063,0.2840,0.6600,0.4840
2025-08-31T11:01:20,51.791034,-3.967554,92.60,7,0.41,11.54,1.54,0,1,2,0,1,2,192,58,10,23.61,60.66,991.69,113985,0.2840,0.6760,0.4820
2025-08-31T11:01:21,51.791034,-3.967554,92.50,7,0.31,11.54,1.54,0,1,2,0,1,2,192,58,10,23.61,60.66,991.70,113443,0.2840,0.6660,0.4940
2025-08-31T11:01:22,51.791034,-3.967554,92.40,7,0.22,11.54,1.54,0,1,2,0,1,2,180,54,10,23.61,60.68,991.70,112829,0.2840,0.6860,0.4920
2025-08-31T11:01:23,51.791034,-3.967554,92.30,7,0.09,11.54,1.54,0,1,2,0,1,2,180,54,10,23.61,60.66,991.70,113366,0.2840,0.6840,0.5020
2025-08-31T11:01:24,51.791034,-3.967553,92.10,7,0.17,11.54,1.54,0,1,2,0,1,2,198,60,12,23.61,60.66,991.70,113212,0.2840,0.6760,0.4940
2025-08-31T11:01:25,51.791032,-3.967553,91.90,7,0.06,11.54,1.54,0,1,2,0,1,2,198,60,12,23.61,60.66,991.70,113830,0.2840,0.7020,0.4880
2025-08-31T11:01:26,51.791030,-3.967552,91.60,7,0.09,11.54,1.54,0,1,1,0,1,1,198,60,10,23.61,60.66,991.71,113058,0.2840,0.6600,0.4780
2025-08-31T11:01:27,51.791026,-3.967552,91.30,7,0.31,11.54,1.54,0,1,1,0,1,1,192,58,10,23.61,60.66,991.72,113675,0.2840,0.6980,0.5100
2025-08-31T11:01:28,51.791026,-3.967550,90.90,7,0.11,11.54,1.54,0,1,1,0,1,1,192,58,10,23.61,60.65,991.73,112601,0.2840,0.6960,0.4660
2025-08-31T11:01:29,51.791026,-3.967548,90.70,7,0.33,11.54,1.54,0,0,0,0,0,0,150,44,6,23.61,60.66,991.73,113135,0.2840,0.6980,0.4580
2025-08-31T11:01:30,51.791025,-3.967547,90.30,7,0.35,11.54,1.54,0,0,0,0,0,0,150,44,6,23.62,60.67,991.74,112829,0.2840,0.7040,0.4660
2025-08-31T11:01:31,51.791023,-3.967546,90.10,7,0.09,11.54,1.54,0,0,0,0,0,0,192,58,8,23.62,60.69,991.74,112677,0.2840,0.6880,0.4740
2025-08-31T11:01:32,51.791022,-3.967545,89.90,7,0.13,11.54,1.54,0,0,0,0,0,0,174,52,8,23.62,60.68,991.74,112982,0.2840,0.6600,0.5100
2025-08-31T11:01:33,51.791021,-3.967544,89.70,7,0.06,11.54,1.54,0,0,0,0,0,0,174,52,8,23.62,60.70,991.75,112677,0.2840,0.6740,0.4880
2025-08-31T11:01:34,51.791020,-3.967543,89.50,7,0.20,11.54,1.54,0,0,0,0,0,0,162,50,10,23.62,60.72,991.75,112829,0.2840,0.7020,0.4920
2025-08-31T11:01:35,51.791021,-3.967542,89.20,7,0.43,11.54,1.54,0,0,1,0,0,1,162,50,10,23.62,60.70,991.75,112982,0.2840,0.6960,0.4880
2025-08-31T11:01:36,51.791020,-3.967540,88.80,7,0.37,11.54,1.54,0,0,1,0,0,1,90,30,6,23.62,60.71,991.75,113907,0.2840,0.6960,0.4640
2025-08-31T11:01:37,51.791020,-3.967538,88.50,7,0.43,11.54,1.54,0,0,0,0,0,0,96,32,6,23.62,60.70,991.75,113675,0.2840,0.7020,0.4820
2025-08-31T11:01:38,51.791019,-3.967536,88.20,7,0.43,11.54,1.54,0,0,0,0,0,0,96,32,6,23.62,60.70,991.74,113907,0.2840,0.6940,0.4940
2025-08-31T11:01:39,51.791019,-3.967533,87.70,7,0.43,11.54,1.54,0,0,0,0,0,0,120,40,6,23.61,60.68,991.74,113443,0.2840,0.6820,0.4660
2025-08-31T11:01:40,51.791019,-3.967532,87.10,7,0.24,11.54,1.54,0,0,0,0,0,0,120,40,6,23.62,60.67,991.74,114297,0.2840,0.6580,0.4820
2025-08-31T11:01:41,51.791018,-3.967532,86.80,7,0.11,11.54,1.54,0,0,1,0,0,1,102,34,4,23.62,60.67,991.76,113830,0.2840,0.6780,0.4840
