2025-08-30T18:50:27,51.791063,-3.967532,95.70,11,0.11,2.84,0.73,0,0,1,0,0,1,114,32,8,24.99,63.07,989.31,97246,0.2840,0.8780,0.4980
2025-08-30T18:50:28,51.791062,-3.967531,95.70,11,0.09,2.84,0.73,0,0,1,0,0,1,114,32,8,24.99,63.07,989.30,97530,0.2840,0.8840,0.4920
2025-08-30T18:50:29,51.791062,-3.967530,95.90,11,0.15,2.84,0.73,0,0,1,0,0,1,138,40,10,24.99,63.06,989.30,97076,0.2840,0.8860,0.4840
2025-08-30T18:50:30,51.791062,-3.967530,96.00,10,0.20,2.84,0.79,0,0,1,0,0,1,132,38,10,24.99,63.05,989.30,97303,0.2840,0.8920,0.4920
2025-08-30T18:50:31,51.791061,-3.967529,96.00,11,0.15,2.84,0.73,0,0,1,0,0,1,132,38,10,24.99,63.06,989.29,96963,0.2840,0.8880,0.4840
2025-08-30T18:50:32,51.791061,-3.967528,96.20,11,0.06,2.84,0.73,0,0,1,0,0,1,150,46,10,24.99,63.06,989.29,97873,0.2840,0.8800,0.4720
2025-08-30T18:50:33,51.791061,-3.967527,96.20,11,0.06,2.84,0.73,0,0,1,0,0,1,150,46,10,24.99,63.07,989.31,97759,0.2840,0.8840,0.4920
2025-08-30T18:50:34,51.791060,-3.967526,96.30,11,0.02,2.84,0.73,0,0,1,0,0,1,144,44,10,24.99,63.07,989.31,97416,0.2840,0.8820,0.4780
2025-08-30T18:50:35,51.791060,-3.967526,96.10,11,0.15,2.84,0.73,0,0,1,0,0,1,150,46,10,24.99,63.06,989.31,97189,0.2840,0.9140,0.4840
2025-08-30T18:50:36,51.791059,-3.967526,96.00,11,0.02,2.84,0.73,0,0,1,0,0,1,150,46,10,24.99,63.07,989.31,97701,0.2840,0.8640,0.4920
2025-08-30T18:50:37,51.791059,-3.967525,96.00,11,0.04,2.84,0.79,0,0,1,0,0,1,126,40,8,24.99,63.05,989.32,97644,0.2840,0.9100,0.4820
2025-08-30T18:50:38,51.791059,-3.967525,96.00,10,0.06,2.84,0.76,0,0,1,0,0,1,126,40,8,24.99,63.05,989.32,97189,0.2840,0.8840,0.4840
2025-08-30T18:50:39,51.791058,-3.967523,96.00,10,0.13,2.84,0.76,0,0,1,0,0,1,114,38,8,24.99,63.05,989.32,97587,0.2840,0.8800,0.4900
2025-08-30T18:50:40,51.791058,-3.967522,95.90,10,0.07,2.84,0.76,0,0,1,0,0,1,126,42,8,24.99,63.06,989.33,97303,0.2840,0.8800,0.4740
2025-08-30T18:50:41,51.791058,-3.967521,95.80,10,0.02,2.84,0.76,0,0,1,0,0,1,126,42,8,24.99,63.06,989.34,97020,0.2840,0.8820,0.5100
2025-08-30T18:50:42,51.791058,-3.967519,95.80,10,0.04,2.84,0.76,0,0,1,0,0,1,108,36,6,24.99,63.06,989.34,97644,0.2840,0.9040,0.4920
2025-08-30T18:50:43,51.791057,-3.967518,95.80,10,0.04,2.84,0.76,0,0,1,0,0,1,108,36,6,24.99,63.04,989.34,97189,0.2840,0.8900,0.5100
2025-08-30T18:50:44,51.791057,-3.967516,95.80,10,0.13,2.84,0.76,0,0,1,0,0,1,108,36,6,24.99,63.05,989.34,97133,0.2840,0.8880,0.4920
2025-08-30T18:50:45,51.791057,-3.967515,95.70,10,0.02,2.84,0.76,0,0,1,0,0,1,108,36,6,24.99,63.02,989.34,97988,0.2840,0.8860,0.5100
2025-08-30T18:50:46,51.791056,-3.967513,95.60,11,0.02,2.84,0.73,0,0,1,0,0,1,84,28,4,24.99,63.02,989.33,97189,0.2840,0.8600,0.4920
2025-08-30T18:50:47,51.791056,-3.967512,95.60,11,0.07,2.84,0.73,0,0,1,0,0,1,96,30,4,24.99,63.00,989.32,97644,0.2840,0.9000,0.4920
2025-08-30T18:50:48,51.791056,-3.967511,95.60,11,0.19,2.84,0.73,0,0,1,0,0,1,96,30,4,24.99,63.00,989.32,97701,0.2840,0.8740,0.4920
2025-08-30T18:50:49,51.791056,-3.967510,95.70,11,0.06,2.84,0.73,0,0,1,0,0,1,90,28,8,24.99,62.99,989.32,97416,0.2840,0.8840,0.5100
2025-08-30T18:50:50,51.791055,-3.967509,95.70,11,0.06,2.84,0.73,0,0,1,0,0,1,90,28,8,24.99,63.00,989.32,97246,0.2840,0.8880,0.4980
2025-08-30T18:50:51,51.791055,-3.967507,95.70,11,0.09,2.84,0.73,0,0,1,0,0,1,84,26,8,24.99,62.98,989.31,97473,0.2840,0.8840,0.4820
2025-08-30T18:50:52,51.791055,-3.967505,95.70,11,0.06,2.84,0.73,0,0,1,0,0,1,78,24,8,24.99,62.98,989.31,97473,0.2840,0.8780,0.4780
2025-08-30T18:50:53,51.791054,-3.967504,95.70,11,0.09,2.84,0.73,0,0,1,0,0,1,78,24,8,24.99,62.98,989.31,97133,0.2840,0.8780,0.4980
2025-08-30T18:50:54,51.791054,-3.967502,95.80,11,0.06,2.84,0.73,0,0,1,0,0,1,84,24,8,24.99,62.99,989.31,96963,0.2840,0.9080,0.4940
2025-08-30T18:50:55,51.791054,-3.967501,95.80,11,0.04,2.84,0.73,0,0,1,0,0,1,84,24,8,24.99,62.99,989.31,97416,0.2840,0.8880,0.4940
2025-08-30T18:50:56,51.791053,-3.967499,95.80,11,0.19,2.84,0.73,0,0,1,0,0,1,96,28,8,24.99,63.00,989.31,97759,0.2840,0.8840,0.4920
2025-08-30T18:50:57,51.791052,-3.967498,95.80,11,0.15,2.84,0.73,0,0,1,0,0,1,84,24,8,24.99,63.01,989.32,97020,0.2840,0.8880,0.4940
2025-08-30T18:50:58,51.791052,-3.967496,95.90,11,0.11,2.84,0.73,0,0,1,0,0,1,84,24,8,24.99,63.02,989.32,96795,0.2840,0.8920,0.4920
2025-08-30T18:50:59,51.791052,-3.967495,96.30,11,0.06,2.84,0.73,0,0,0,0,0,0,90,26,6,24.99,63.02,989.33,96907,0.2840,0.8840,0.4960
2025-08-30T18:51:00,51.791052,-3.967494,96.50,11,0.07,2.84,0.73,0,0,0,0,0,0,90,26,6,24.99,63.02,989.33,96795,0.2840,0.8920,0.5100
2025-08-30T18:51:01,51.791052,-3.967493,96.60,11,0.22,2.84,0.73,0,0,0,0,0,0,78,22,6,24.99,63.00,989.33,97644,0.2840,0.8820,0.4860
2025-08-30T18:51:02,51.791052,-3.967493,96.70,11,0.02,2.84,0.73,0,0,0,0,0,0,78,22,6,24.99,63.02,989.33,96739,0.2840,0.8820,0.5100
2025-08-30T18:51:03,51.791052,-3.967492,96.80,11,0.02,2.84,0.79,0,0,0,0,0,0,78,22,6,24.99,62.99,989.32,97076,0.2840,0.8840,0.5020
2025-08-30T18:51:04,51.791051,-3.967491,96.70,11,0.20,2.84,0.73,0,0,0,0,0,0,66,20,6,24.99,62.98,989.33,97303,0.2840,0.8820,0.4820
2025-08-30T18:51:05,51.791050,-3.967490,96.70,11,0.17,2.84,0.73,0,0,0,0,0,0,66,20,6,24.99,62.99,989.33,97020,0.2840,0.8820,0.4920
2025-08-30T18:51:06,51.791050,-3.967489,96.60,11,0.19,2.84,0.73,0,0,1,0,0,1,54,16,2,24.99,62.99,989.33,97020,0.2840,0.8820,0.4920
2025-08-30T18:51:07,51.791049,-3.967488,96.70,11,0.11,2.84,0.73,0,0,1,0,0,1,54,16,2,24.99,62.98,989.33,97416,0.2840,0.8820,0.4900
2025-08-30T18:51:08,51.791049,-3.967487,96.60,11,0.07,2.84,0.73,0,0,1,0,0,1,60,16,2,24.99,62.99,989.33,97473,0.2840,0.8820,0.4920
2025-08-30T18:51:09,51.791049,-3.967487,96.80,11,0.11,2.84,0.73,0,0,2,0,0,2,102,30,8,24.99,62.99,989.34,97473,0.2840,0.8820,0.5140
2025-08-30T18:51:10,51.791048,-3.967487,96.70,11,0.19,2.84,0.73,0,0,2,0,0,2,102,30,8,24.99,62.98,989.34,97133,0.2840,0.8780,0.4980
2025-08-30T18:51:11,51.791047,-3.967486,96.70,11,0.06,2.84,0.73,0,0,2,0,0,2,90,28,8,24.99,62.98,989.34,97189,0.2840,0.8820,0.4760
2025-08-30T18:51:12,51.791047,-3.967485,96.80,11,0.17,2.84,0.73,0,0,2,0,0,2,90,28,8,24.99,63.00,989.33,96739,0.2840,0.8820,0.5060
2025-08-30T18:51:13,51.791046,-3.967484,96.90,11,0.20,2.84,0.73,0,0,2,0,0,2,90,24,8,24.99,63.00,989.34,96907,0.2840,0.8740,0.4940
2025-08-30T18:51:14,51.791046,-3.967483,97.00,11,0.20,2.84,0.73,0,0,2,0,0,2,84,22,8,24.99,63.00,989.33,97020,0.2840,0.8920,0.5180
2025-08-30T18:51:15,51.791046,-3.967482,97.00,11,0.11,2.84,0.73,0,0,2,0,0,2,84,22,8,24.99,63.00,989.32,96851,0.2840,0.8840,0.4920
2025-08-30T18:51:16,51.791044,-3.967480,96.90,11,0.22,2.84,0.73,0,0,2,0,0,2,72,18,8,24.99,63.03,989.32,96795,0.2840,0.9100,0.4920
2025-08-30T18:51:17,51.791044,-3.967479,96.80,11,0.07,2.84,0.79,0,0,2,0,0,2,72,18,8,24.99,63.00,989.32,96907,0.2840,0.8860,0.5020
2025-08-30T18:51:18,51.791043,-3.967479,96.70,11,0.26,2.84,0.79,0,0,2,0,0,2,78,20,8,24.99,63.01,989.32,97246,0.2840,0.8960,0.4680
2025-08-30T18:51:19,51.791042,-3.967478,96.60,11,0.35,2.84,0.79,0,0,2,0,0,2,96,26,10,24.99,63.00,989.33,97246,0.2840,0.8940,0.4900
2025-08-30T18:51:20,51.791041,-3.967478,96.50,11,0.20,2.84,0.73,0,0,2,0,0,2,96,26,10,24.99,63.00,989.32,96963,0.2840,0.8960,0.4840
2025-08-30T18:51:21,51.791040,-3.967477,96.60,11,0.04,2.84,0.73,0,0,2,0,0,2,108,28,10,24.99,63.00,989.33,96571,0.2840,0.8880,0.4880
2025-08-30T18:51:22,51.791040,-3.967476,96.60,11,0.15,2.84,0.73,0,0,2,0,0,2,108,28,10,24.99,63.00,989.33,96292,0.2840,0.8840,0.4920
2025-08-30T18:51:23,51.791040,-3.967476,96.80,11,0.15,2.84,0.73,0,0,0,0,0,0,120,32,8,24.99,63.03,989.33,96739,0.2840,0.8860,0.5000
2025-08-30T18:51:24,51.791040,-3.967475,96.80,11,0.06,2.84,0.73,0,0,0,0,0,0,126,36,10,24.99,63.04,989.33,96348,0.2840,0.8920,0.4920
2025-08-30T18:51:25,51.791039,-3.967475,96.90,11,0.02,2.84,0.73,0,0,0,0,0,0,126,36,10,24.99,63.07,989.33,97020,0.2840,0.9080,0.4860
2025-08-30T18:51:26,51.791039,-3.967474,96.90,11,0.06,2.84,0.73,0,0,0,0,0,0,84,22,4,24.99,63.10,989.33,96963,0.2840,0.9040,0.4840
2025-08-30T18:51:27,51.791038,-3.967473,97.00,11,0.15,2.84,0.73,0,0,0,0,0,0,84,22,4,24.99,63.09,989.34,97133,0.2840,0.8880,0.4820
2025-08-30T18:51:28,51.791038,-3.967471,97.10,10,0.17,2.84,0.77,0,0,1,0,0,1,102,28,8,24.99,63.10,989.33,96292,0.2840,0.8860,0.4920
2025-08-30T18:51:29,51.791038,-3.967469,97.20,11,0.15,2.84,0.73,0,0,1,0,0,1,102,28,8,24.99,63.11,989.33,96515,0.2840,0.8940,0.4980
2025-08-30T18:51:30,51.791038,-3.967469,97.30,11,0.17,2.84,0.73,0,0,1,0,0,1,96,30,8,24.99,63.09,989.33,96907,0.2840,0.8600,0.4660
2025-08-30T18:51:31,51.791038,-3.967468,97.60,11,0.09,2.84,0.73,0,0,1,0,0,1,96,30,8,24.99,63.09,989.33,96907,0.2840,0.8960,0.4780
2025-08-30T18:51:32,51.791038,-3.967468,97.60,11,0.17,2.84,0.73,0,0,1,0,0,1,96,30,8,24.99,63.08,989.33,96963,0.2840,0.8840,0.4780
2025-08-30T18:51:33,51.791038,-3.967467,97.70,11,0.17,2.84,0.73,0,0,2,0,0,2,126,36,10,24.99,63.09,989.34,97473,0.2840,0.9060,0.5060
2025-08-30T18:51:34,51.791038,-3.967466,97.90,11,0.02,2.84,0.73,0,0,2,0,0,2,126,36,10,24.99,63.08,989.33,97076,0.2840,0.8840,0.5040
2025-08-30T18:51:35,51.791038,-3.967464,98.40,11,0.11,2.84,0.73,0,0,2,0,0,2,120,34,10,24.99,63.05,989.34,97701,0.2840,0.8740,0.5140
2025-08-30T18:51:36,51.791039,-3.967463,98.50,11,0.33,2.84,0.73,0,0,1,0,0,1,102,28,8,24.99,63.05,989.35,97303,0.2840,0.8900,0.4940
2025-08-30T18:51:37,51.791040,-3.967462,98.90,11,0.13,2.84,0.73,0,0,1,0,0,1,102,28,8,24.99,63.05,989.35,96739,0.2840,0.8840,0.5040
2025-08-30T18:51:38,51.791040,-3.967461,99.20,10,0.13,2.84,0.85,0,0,2,0,0,2,102,30,8,24.99,63.04,989.35,97473,0.2840,0.8900,0.5080
2025-08-30T18:51:39,51.791041,-3.967461,99.40,10,0.07,2.84,0.85,0,0,2,0,0,2,102,30,8,24.99,63.02,989.36,97416,0.2840,0.9140,0.4880
2025-08-30T18:51:40,51.791041,-3.967460,99.70,10,0.15,2.84,0.85,0,0,1,0,0,1,78,22,8,24.99,63.03,989.37,96907,0.2840,0.8640,0.4920
2025-08-30T18:51:41,51.791043,-3.967459,100.00,10,0.13,2.84,0.85,0,0,1,0,0,1,72,20,6,24.99,63.02,989.36,97133,0.2840,0.9000,0.4840
2025-08-30T18:51:42,51.791043,-3.967459,100.30,10,0.17,2.84,0.85,0,0,1,0,0,1,72,20,6,24.99,63.02,989.36,97816,0.2840,0.8860,0.4940
2025-08-30T18:51:43,51.791044,-3.967458,100.70,11,0.06,2.84,0.92,0,0,1,0,0,1,78,22,6,24.99,63.02,989.36,97416,0.2840,0.8920,0.4900
2025-08-30T18:51:44,51.791045,-3.967458,101.00,11,0.09,2.84,0.85,0,0,1,0,0,1,78,22,6,24.99,63.00,989.37,97701,0.2840,0.9000,0.4780
2025-08-30T18:51:45,51.791046,-3.967456,101.30,11,0.17,2.84,0.85,0,0,0,0,0,0,66,18,2,24.99,63.00,989.38,97416,0.2840,0.8760,0.4840
2025-08-30T18:51:46,51.791047,-3.967455,101.70,11,0.33,2.84,0.73,0,0,0,0,0,0,60,16,2,24.99,62.99,989.38,97020,0.2840,0.8900,0.4920
2025-08-30T18:51:47,51.791047,-3.967454,101.80,10,0.20,2.84,0.85,0,0,0,0,0,0,60,16,2,24.99,63.00,989.38,97246,0.2840,0.8840,0.4920
2025-08-30T18:51:48,51.791048,-3.967454,101.90,10,0.06,2.84,0.85,0,0,0,0,0,0,102,30,10,24.99,62.98,989.38,96795,0.2840,0.9100,0.5100
2025-08-30T18:51:49,51.791048,-3.967453,102.00,10,0.11,2.84,0.85,0,0,0,0,0,0,102,30,10,24.99,62.98,989.38,97587,0.2840,0.9080,0.5060
2025-08-30T18:51:50,51.791048,-3.967452,102.20,11,0.00,2.84,0.85,0,0,0,0,0,0,96,32,10,24.99,62.98,989.38,97359,0.2840,0.8840,0.5120
2025-08-30T18:51:51,51.791048,-3.967452,102.20,11,0.15,2.84,0.92,0,0,0,0,0,0,96,32,10,24.99,62.96,989.38,97873,0.2840,0.8900,0.4940
2025-08-30T18:51:52,51.791049,-3.967452,102.30,10,0.00,2.84,0.92,0,0,0,0,0,0,102,34,12,24.99,62.96,989.38,97246,0.2840,0.8840,0.5040
2025-08-30T18:51:53,51.791049,-3.967453,102.30,10,0.09,2.84,0.92,0,1,1,0,1,1,108,36,14,24.99,62.96,989.38,97873,0.2840,0.8880,0.5160
2025-08-30T18:51:54,51.791049,-3.967451,102.40,10,0.26,2.84,0.85,0,1,1,0,1,1,108,36,14,24.99,62.96,989.37,97530,0.2840,0.9100,0.4940
2025-08-30T18:51:55,51.791049,-3.967451,102.60,10,0.13,2.84,0.85,0,0,2,0,0,2,108,36,16,24.99,62.94,989.37,97701,0.2840,0.8840,0.5100
2025-08-30T18:51:56,51.791051,-3.967450,103.00,10,0.30,2.84,0.85,0,0,2,0,0,2,108,36,16,24.99,62.94,989.37,97816,0.2840,0.8820,0.4920
2025-08-30T18:51:57,51.791052,-3.967450,103.10,10,0.06,2.84,0.92,0,0,2,0,0,2,114,38,16,24.99,62.92,989.37,98161,0.2840,0.8940,0.4920
2025-08-30T18:51:58,51.791051,-3.967449,103.00,11,0.37,2.84,0.92,0,0,2,0,0,2,108,36,16,24.99,62.91,989.35,97816,0.2840,0.8800,0.4880
2025-08-30T18:51:59,51.791051,-3.967448,103.00,10,0.09,2.84,0.92,0,0,2,0,0,2,108,36,16,24.99,62.91,989.35,98335,0.2840,0.8840,0.4880
2025-08-30T18:52:00,51.791051,-3.967448,103.10,10,0.17,2.84,0.92,0,0,2,0,0,2,102,34,16,24.99,62.91,989.34,97644,0.2840,0.8700,0.5060
2025-08-30T18:52:01,51.791051,-3.967447,103.10,10,0.22,2.84,0.85,0,0,2,0,0,2,102,34,16,24.99,62.91,989.34,97931,0.2840,0.8840,0.5060
2025-08-30T18:52:02,51.791052,-3.967447,103.30,10,0.04,2.84,0.85,0,0,2,0,0,2,96,32,16,24.99,62.92,989.34,97701,0.2840,0.8840,0.4820
2025-08-30T18:52:03,51.791054,-3.967448,103.60,10,0.06,2.84,0.85,0,0,2,0,0,2,102,34,16,24.99,62.93,989.34,97359,0.2840,0.8880,0.5020
2025-08-30T18:52:04,51.791053,-3.967448,103.50,10,0.19,2.84,0.85,0,0,2,0,0,2,102,34,16,24.99,62.93,989.35,97931,0.2840,0.8980,0.4880
2025-08-30T18:52:05,51.791054,-3.967447,103.50,10,0.06,2.84,0.85,0,0,2,0,0,2,78,24,8,24.99,62.94,989.35,98104,0.2840,0.8700,0.5080
2025-08-30T18:52:06,51.791054,-3.967446,103.70,10,0.09,2.84,0.85,0,0,2,0,0,2,78,24,8,24.99,62.95,989.36,97644,0.2840,0.8840,0.4980
2025-08-30T18:52:07,51.791055,-3.967446,103.90,10,0.02,2.84,0.85,0,0,1,0,0,1,60,18,6,24.99,62.92,989.36,97931,0.2840,0.8640,0.4880
2025-08-30T18:52:08,51.791055,-3.967445,103.70,10,0.09,2.84,0.85,0,0,1,0,0,1,54,16,4,24.99,62.94,989.36,97530,0.2840,0.8660,0.4960
2025-08-30T18:52:09,51.791055,-3.967445,103.80,10,0.09,2.84,0.85,0,0,1,0,0,1,54,16,4,24.99,62.94,989.36,97530,0.2840,0.8740,0.5040
2025-08-30T18:52:10,51.791055,-3.967445,103.90,10,0.20,2.84,0.85,0,0,1,0,0,1,54,16,2,24.99,62.92,989.35,97701,0.2840,0.8820,0.5020
2025-08-30T18:52:11,51.791056,-3.967445,104.10,10,0.04,2.84,0.85,0,0,1,0,0,1,54,16,2,24.99,62.93,989.35,97530,0.2840,0.8860,0.4920
2025-08-30T18:52:12,51.791057,-3.967445,104.10,10,0.07,2.84,0.85,0,0,0,0,0,0,48,14,0,24.99,62.94,989.36,97816,0.2840,0.8820,0.5000
2025-08-30T18:52:13,51.791057,-3.967444,104.20,10,0.15,2.84,0.85,0,0,0,0,0,0,48,14,0,24.99,62.94,989.36,97988,0.2840,0.9000,0.4980
2025-08-30T18:52:14,51.791058,-3.967444,104.30,10,0.19,2.84,0.85,0,0,1,0,0,1,54,16,2,24.99,62.96,989.36,97246,0.2840,0.8760,0.4940
2025-08-30T18:52:15,51.791058,-3.967445,104.30,10,0.06,2.84,0.85,0,0,1,0,0,1,72,22,2,24.99,62.96,989.36,97816,0.2840,0.9080,0.5020
2025-08-30T18:52:16,51.791061,-3.967446,104.70,10,0.13,2.84,0.85,0,0,1,0,0,1,72,22,2,24.99,62.95,989.37,97020,0.2840,0.8760,0.4900
2025-08-30T18:52:17,51.791061,-3.967446,104.80,11,0.11,2.84,0.85,0,0,1,0,0,1,90,28,6,24.99,62.97,989.36,97473,0.2840,0.8840,0.4920
2025-08-30T18:52:18,51.791062,-3.967446,104.90,11,0.19,2.84,0.85,0,0,1,0,0,1,90,28,6,24.99,62.97,989.37,97189,0.2840,0.8900,0.5020
2025-08-30T18:52:19,51.791063,-3.967446,105.00,11,0.13,2.84,0.85,0,0,1,0,0,1,108,34,6,24.99,62.98,989.36,97473,0.2840,0.8800,0.4880
2025-08-30T18:52:20,51.791063,-3.967446,104.90,11,0.15,2.84,0.85,0,0,1,0,0,1,126,40,6,24.99,62.98,989.36,97587,0.2840,0.9080,0.4880
2025-08-30T18:52:21,51.791062,-3.967446,104.80,11,0.11,2.84,0.85,0,0,1,0,0,1,126,40,6,25.00,62.99,989.36,97303,0.2840,0.8920,0.4920
2025-08-30T18:52:22,51.791062,-3.967446,104.60,11,0.04,2.84,0.85,0,0,1,0,0,1,114,38,6,25.00,62.98,989.37,98046,0.2840,0.8920,0.4920
2025-08-30T18:52:23,51.791063,-3.967446,104.70,11,0.02,2.84,0.85,0,0,1,0,0,1,114,38,6,25.00,62.98,989.37,97530,0.2840,0.8940,0.5080
2025-08-30T18:52:24,51.791063,-3.967446,104.80,10,0.11,2.84,0.85,0,0,1,0,0,1,108,36,6,25.00,62.99,989.38,97587,0.2840,0.8820,0.5040
2025-08-30T18:52:25,51.791063,-3.967445,104.80,10,0.06,2.84,0.85,0,0,1,0,0,1,108,36,6,25.00,62.98,989.38,97473,0.2840,0.8860,0.5100
2025-08-30T18:52:26,51.791064,-3.967444,104.80,10,0.07,2.84,0.85,0,0,1,0,0,1,108,36,6,25.00,63.00,989.37,97359,0.2840,0.8660,0.4960
2025-08-30T18:52:27,51.791064,-3.967444,104.90,10,0.09,2.84,0.85,0,0,1,0,0,1,120,38,6,25.00,62.99,989.36,97644,0.2840,0.8840,0.5020
2025-08-30T18:52:28,51.791064,-3.967443,104.90,10,0.09,2.84,0.85,0,0,1,0,0,1,120,38,6,25.00,62.99,989.35,97473,0.2840,0.8820,0.5180
2025-08-30T18:52:29,51.791064,-3.967443,105.10,10,0.04,2.84,0.85,0,0,1,0,0,1,132,42,10,25.00,62.99,989.34,97587,0.2840,0.8660,0.4900
2025-08-30T18:52:30,51.791065,-3.967443,105.20,10,0.04,2.84,0.85,0,0,2,0,0,2,126,40,10,25.00,62.99,989.33,97303,0.2840,0.8820,0.4960
2025-08-30T18:52:31,51.791064,-3.967443,105.20,10,0.06,2.84,0.85,0,0,2,0,0,2,126,40,10,25.00,62.99,989.33,97303,0.2840,0.8780,0.4940
2025-08-30T18:52:32,51.791064,-3.967443,105.10,10,0.09,2.84,0.85,0,0,4,0,0,4,120,38,12,25.00,62.98,989.33,97587,0.2840,0.8860,0.4840
2025-08-30T18:52:33,51.791065,-3.967443,105.10,10,0.02,2.84,0.85,0,0,4,0,0,4,120,38,12,25.00,62.96,989.33,97759,0.2840,0.8940,0.4780
2025-08-30T18:52:34,51.791065,-3.967443,105.10,10,0.02,2.84,0.85,0,0,4,0,0,4,114,36,8,25.00,62.95,989.33,97587,0.2840,0.8880,0.4960
2025-08-30T18:52:35,51.791066,-3.967444,105.10,10,0.02,2.84,0.85,0,0,4,0,0,4,114,36,8,25.00,62.93,989.33,97759,0.2840,0.8760,0.5180
2025-08-30T18:52:36,51.791066,-3.967444,105.20,10,0.11,2.84,0.85,0,0,5,0,0,5,108,34,10,25.00,62.92,989.33,97473,0.2840,0.8740,0.4940
2025-08-30T18:52:37,51.791067,-3.967445,105.40,10,0.13,2.84,0.85,0,0,5,0,0,5,96,30,10,25.00,62.91,989.32,97759,0.2840,0.8880,0.5000
2025-08-30T18:52:38,51.791067,-3.967445,105.30,10,0.28,2.84,0.85,0,0,5,0,0,5,96,30,10,25.00,62.93,989.33,97931,0.2840,0.8740,0.4980
2025-08-30T18:52:39,51.791068,-3.967446,105.40,10,0.09,2.84,0.85,0,0,5,0,0,5,96,30,10,25.00,62.91,989.33,97644,0.2840,0.8840,0.4920
2025-08-30T18:52:40,51.791069,-3.967447,105.60,11,0.19,2.84,0.73,0,0,5,0,0,5,96,30,10,25.00,62.91,989.34,97816,0.2840,0.8640,0.4940
2025-08-30T18:52:41,51.791069,-3.967447,105.60,11,0.11,2.84,0.85,0,0,7,0,0,7,102,32,12,25.00,62.93,989.35,97644,0.2840,0.8800,0.5020
2025-08-30T18:52:42,51.791070,-3.967448,106.00,11,0.00,2.84,0.85,0,0,7,0,0,7,120,38,12,25.00,62.92,989.36,97816,0.2840,0.8840,0.4880
2025-08-30T18:52:43,51.791070,-3.967448,106.10,11,0.17,2.84,0.85,0,0,7,0,0,7,120,38,12,25.00,62.92,989.36,97246,0.2840,0.8800,0.4980
2025-08-30T18:52:44,51.791070,-3.967449,106.00,10,0.24,2.84,0.85,0,0,7,0,0,7,114,36,12,25.00,62.91,989.36,97701,0.2840,0.8820,0.4860
2025-08-30T18:52:45,51.791071,-3.967449,106.20,10,0.04,2.84,0.85,0,0,7,0,0,7,114,36,12,25.00,62.91,989.37,97931,0.2840,0.8700,0.4980
2025-08-30T18:52:46,51.791072,-3.967449,106.40,10,0.13,2.84,0.85,0,0,6,0,0,6,96,30,8,25.00,62.91,989.36,97701,0.2840,0.8600,0.5020
2025-08-30T18:52:47,51.791073,-3.967450,106.50,10,0.15,2.84,0.85,0,0,5,0,0,5,132,42,8,25.00,62.91,989.36,97473,0.2840,0.8840,0.4960
2025-08-30T18:52:48,51.791073,-3.967450,106.40,10,0.04,2.84,0.85,0,0,5,0,0,5,132,42,8,25.00,62.92,989.35,97530,0.2840,0.8700,0.4740
2025-08-30T18:52:49,51.791072,-3.967450,106.40,10,0.31,2.84,0.85,0,1,4,0,1,4,132,40,6,25.00,62.91,989.34,97246,0.2840,0.8900,0.5020
2025-08-30T18:52:50,51.791074,-3.967450,106.90,10,0.09,2.84,0.85,0,1,4,0,1,4,132,40,6,25.00,62.93,989.33,97076,0.2840,0.8920,0.5020
2025-08-30T18:52:51,51.791077,-3.967449,107.40,10,0.11,2.84,0.85,0,0,4,0,0,4,120,36,6,25.00,62.93,989.34,97359,0.2840,0.8880,0.4920
2025-08-30T18:52:52,51.791077,-3.967448,107.80,10,0.04,2.84,0.85,0,0,2,0,0,2,108,32,4,25.00,62.93,989.34,96795,0.2840,0.8800,0.4900
2025-08-30T18:52:53,51.791078,-3.967447,108.00,10,0.11,2.84,0.85,0,0,2,0,0,2,108,32,4,25.00,62.93,989.34,96795,0.2840,0.8700,0.5080
2025-08-30T18:52:54,51.791079,-3.967446,108.30,10,0.09,2.84,0.85,0,0,2,0,0,2,102,28,4,25.00,62.93,989.34,97303,0.2840,0.8600,0.4900
2025-08-30T18:52:55,51.791080,-3.967446,108.70,10,0.09,2.84,0.85,0,0,1,0,0,1,102,28,4,25.00,62.92,989.35,96683,0.2840,0.8840,0.4960
2025-08-30T18:52:56,51.791082,-3.967446,109.10,10,0.04,2.84,0.85,0,0,1,0,0,1,96,26,4,25.00,62.92,989.35,98104,0.2840,0.8840,0.5000
2025-08-30T18:52:57,51.791082,-3.967445,109.30,11,0.11,2.84,0.85,0,0,1,0,0,1,96,26,4,25.00,62.93,989.35,97587,0.2840,0.8840,0.4960
2025-08-30T18:52:58,51.791083,-3.967446,109.60,10,0.07,2.84,0.95,0,1,1,0,1,1,120,34,4,25.00,62.93,989.34,97587,0.2840,0.8860,0.4900
2025-08-30T18:52:59,51.791084,-3.967446,109.90,10,0.11,2.84,0.95,0,1,1,0,1,1,102,28,4,25.00,62.92,989.34,97303,0.2840,0.8760,0.4920
2025-08-30T18:53:00,51.791084,-3.967447,110.10,10,0.06,2.84,0.95,0,1,1,0,1,1,102,28,4,25.00,62.92,989.34,97644,0.2840,0.8920,0.4920
2025-08-30T18:53:01,51.791085,-3.967447,110.30,10,0.02,2.84,1.00,0,1,1,0,1,1,102,30,4,25.00,62.92,989.34,97246,0.2840,0.8820,0.4920
2025-08-30T18:53:02,51.791084,-3.967447,110.00,9,0.17,2.84,1.00,0,1,1,0,1,1,102,30,4,25.00,62.91,989.34,97530,0.2840,0.8940,0.4940
2025-08-30T18:53:03,51.791085,-3.967447,110.10,9,0.06,2.84,1.00,0,1,1,0,1,1,102,30,4,25.00,62.93,989.35,97530,0.2840,0.8540,0.4840
2025-08-30T18:53:04,51.791087,-3.967448,110.30,8,0.07,2.84,1.00,0,0,0,0,0,0,60,16,2,25.01,62.90,989.35,97359,0.2840,0.8800,0.4920
2025-08-30T18:53:05,51.791087,-3.967448,110.20,8,0.09,2.84,1.00,0,0,0,0,0,0,60,16,2,25.00,62.91,989.36,97303,0.2840,0.8840,0.4700
2025-08-30T18:53:06,51.791087,-3.967448,110.00,9,0.06,2.84,1.00,0,0,0,0,0,0,54,16,2,25.01,62.91,989.37,97701,0.2840,0.8820,0.4920
2025-08-30T18:53:07,51.791087,-3.967449,109.80,8,0.00,2.84,1.00,0,0,0,0,0,0,54,16,2,25.00,62.91,989.37,97530,0.2840,0.8840,0.4840
2025-08-30T18:53:08,51.791087,-3.967449,109.70,9,0.02,2.84,1.00,0,0,0,0,0,0,78,24,2,25.00,62.90,989.37,97133,0.2840,0.8800,0.4920
2025-08-30T18:53:09,51.791087,-3.967450,109.70,9,0.22,2.84,1.00,0,0,0,0,0,0,96,30,2,25.00,62.88,989.37,97359,0.2840,0.8680,0.4980
2025-08-30T18:53:10,51.791088,-3.967450,109.60,10,0.24,2.84,0.95,0,0,0,0,0,0,96,30,2,25.00,62.89,989.37,97701,0.2840,0.8880,0.4960
2025-08-30T18:53:11,51.791089,-3.967451,109.50,10,0.31,2.84,0.95,0,0,0,0,0,0,102,34,2,25.01,62.88,989.38,97587,0.2840,0.8580,0.4960
2025-08-30T18:53:12,51.791090,-3.967452,109.30,10,0.04,2.84,0.95,0,0,0,0,0,0,102,34,2,25.01,62.86,989.37,97816,0.2840,0.8760,0.4940
2025-08-30T18:53:13,51.791089,-3.967452,108.90,10,0.09,2.84,0.95,0,0,0,0,0,0,108,36,2,25.01,62.86,989.37,97644,0.2840,0.8680,0.4920
2025-08-30T18:53:14,51.791089,-3.967452,108.80,11,0.30,2.84,0.85,0,0,0,0,0,0,96,32,0,25.01,62.86,989.38,97644,0.2840,0.8760,0.5020
2025-08-30T18:53:15,51.791087,-3.967452,108.00,10,0.22,2.84,0.77,0,0,0,0,0,0,96,32,0,25.00,62.84,989.38,97359,0.2840,0.8760,0.4840
2025-08-30T18:53:16,51.791086,-3.967451,107.50,10,0.04,2.84,0.77,0,0,0,0,0,0,96,32,0,25.00,62.84,989.38,97076,0.2840,0.8820,0.4980
2025-08-30T18:53:17,51.791086,-3.967450,107.00,10,0.07,2.84,0.77,0,0,0,0,0,0,96,32,0,25.00,62.82,989.39,97931,0.2840,0.8700,0.5020
2025-08-30T18:53:18,51.791087,-3.967450,107.00,10,0.07,2.84,0.77,0,0,0,0,0,0,84,28,0,25.00,62.82,989.38,97873,0.2840,0.9020,0.5000
2025-08-30T18:53:19,51.791085,-3.967451,106.40,10,0.85,2.84,0.77,0,0,0,0,0,0,84,28,0,25.00,62.81,989.36,97644,0.2840,0.9000,0.4780
2025-08-30T18:53:20,51.791085,-3.967456,106.20,11,0.09,2.84,0.73,0,0,0,0,0,0,84,28,0,25.00,62.79,989.37,97816,0.2840,0.8780,0.4920
2025-08-30T18:53:21,51.791083,-3.967456,105.80,11,0.57,2.84,0.73,0,0,0,0,0,0,90,30,0,25.00,62.80,989.36,97759,0.2840,0.8740,0.4840
2025-08-30T18:53:22,51.791083,-3.967459,105.60,11,0.20,2.84,0.73,0,0,0,0,0,0,90,30,0,25.00,62.80,989.36,97530,0.2840,0.8840,0.4900
2025-08-30T18:53:23,51.791084,-3.967461,105.50,11,0.13,2.84,0.73,0,0,0,0,0,0,84,28,0,25.00,62.79,989.36,97759,0.2840,0.8820,0.4900
2025-08-30T18:53:24,51.791085,-3.967465,105.40,11,0.30,2.84,0.73,0,0,0,0,0,0,84,28,0,25.00,62.79,989.36,97816,0.2840,0.8800,0.5040
2025-08-30T18:53:25,51.791086,-3.967468,105.10,11,0.11,2.84,0.79,0,0,0,0,0,0,66,22,0,25.00,62.78,989.36,97759,0.2840,0.8840,0.4880
2025-08-30T18:53:26,51.791087,-3.967471,104.90,11,0.04,2.84,0.73,0,0,0,0,0,0,48,16,0,25.00,62.78,989.36,97759,0.2840,0.8900,0.5000
2025-08-30T18:53:27,51.791086,-3.967473,104.50,11,0.15,2.84,0.73,0,0,0,0,0,0,48,16,0,25.00,62.78,989.36,98451,0.2840,0.8880,0.4920
2025-08-30T18:53:28,51.791086,-3.967475,104.00,11,0.24,2.84,0.73,0,0,0,0,0,0,36,12,0,25.00,62.78,989.36,97873,0.2840,0.8680,0.5100
2025-08-30T18:53:29,51.791086,-3.967478,103.90,11,0.04,2.84,0.73,0,0,0,0,0,0,36,12,0,25.00,62.77,989.37,97644,0.2840,0.8640,0.4940
2025-08-30T18:53:30,51.791086,-3.967480,103.60,11,0.07,2.84,0.73,0,0,0,0,0,0,84,28,0,25.00,62.76,989.37,97701,0.2840,0.8640,0.5180
2025-08-30T18:53:31,51.791086,-3.967482,103.20,11,0.22,2.84,0.73,0,0,0,0,0,0,72,24,0,25.00,62.77,989.38,97988,0.2840,0.8700,0.5080
2025-08-30T18:53:32,51.791084,-3.967484,102.80,11,0.33,2.84,0.73,0,0,0,0,0,0,72,24,0,25.00,62.78,989.39,97931,0.2840,0.8420,0.5040
2025-08-30T18:53:33,51.791083,-3.967486,102.50,11,0.24,2.84,0.73,0,0,0,0,0,0,72,24,0,25.00,62.77,989.39,97473,0.2840,0.8560,0.4900
2025-08-30T18:53:34,51.791083,-3.967488,102.20,11,0.13,2.84,0.73,0,0,0,0,0,0,72,24,0,25.00,62.78,989.39,98509,0.2840,0.8700,0.4660
2025-08-30T18:53:35,51.791082,-3.967489,101.90,11,0.11,2.84,0.73,0,0,0,0,0,0,78,26,0,25.00,62.78,989.41,97873,0.2840,0.8760,0.4920
2025-08-30T18:53:36,51.791081,-3.967491,101.40,11,0.20,2.84,0.73,0,0,0,0,0,0,78,26,0,25.00,62.80,989.41,97587,0.2840,0.8560,0.5020
2025-08-30T18:53:37,51.791081,-3.967493,101.30,11,0.07,2.84,0.73,0,0,0,0,0,0,78,26,0,25.00,62.80,989.41,97246,0.2840,0.8560,0.4880
2025-08-30T18:53:38,51.791081,-3.967494,100.90,11,0.17,2.84,0.73,0,0,0,0,0,0,78,26,0,25.00,62.80,989.42,98451,0.2840,0.8400,0.5140
2025-08-30T18:53:39,51.791080,-3.967496,100.60,11,0.15,2.84,0.73,0,0,0,0,0,0,78,26,0,25.00,62.81,989.41,97873,0.2840,0.8840,0.4940
2025-08-30T18:53:40,51.791080,-3.967497,100.40,11,0.19,2.84,0.73,0,0,0,0,0,0,78,26,0,25.00,62.81,989.40,97701,0.2840,0.8880,0.4920
2025-08-30T18:53:41,51.791079,-3.967497,100.00,11,0.09,2.84,0.73,0,0,0,0,0,0,78,26,0,25.00,62.81,989.38,97816,0.2840,0.8780,0.5000
2025-08-30T18:53:42,51.791078,-3.967497,99.50,11,0.04,2.84,0.79,0,0,0,0,0,0,72,24,0,25.00,62.80,989.38,97759,0.2840,0.8840,0.4900
2025-08-30T18:53:43,51.791079,-3.967497,99.30,11,0.13,2.84,0.79,0,0,0,0,0,0,78,24,0,25.00,62.80,989.38,98393,0.2840,0.8800,0.4660
2025-08-30T18:53:44,51.791078,-3.967497,98.80,11,0.07,2.84,0.73,0,0,0,0,0,0,78,24,0,25.00,62.82,989.38,97988,0.2840,0.8880,0.5000
2025-08-30T18:53:45,51.791078,-3.967497,98.60,11,0.09,2.84,0.73,0,0,0,0,0,0,84,26,0,25.00,62.81,989.38,97759,0.2840,0.8900,0.4940
2025-08-30T18:53:46,51.791078,-3.967497,98.30,11,0.11,2.84,0.73,0,0,0,0,0,0,84,26,0,25.00,62.83,989.39,97988,0.2840,0.8660,0.4840
2025-08-30T18:53:47,51.791077,-3.967497,97.80,11,0.19,2.84,0.73,0,0,0,0,0,0,156,50,0,25.00,62.83,989.39,97644,0.2840,0.8700,0.4840
2025-08-30T18:53:48,51.791075,-3.967497,97.40,11,0.04,2.84,0.73,0,0,0,0,0,0,156,50,0,25.00,62.84,989.39,97759,0.2840,0.8920,0.4920
2025-08-30T18:53:49,51.791075,-3.967497,97.00,11,0.02,2.84,0.73,0,0,0,0,0,0,156,50,0,25.00,62.86,989.39,97701,0.2840,0.8420,0.4920
2025-08-30T18:53:50,51.791075,-3.967498,96.80,11,0.02,2.84,0.73,0,0,0,0,0,0,156,50,0,25.00,62.87,989.39,97303,0.2840,0.8580,0.4960
2025-08-30T18:53:51,51.791074,-3.967498,96.30,11,0.22,2.84,0.73,0,0,0,0,0,0,156,50,0,25.00,62.86,989.39,97587,0.2840,0.8820,0.4880
2025-08-30T18:53:52,51.791074,-3.967499,95.90,11,0.02,2.84,0.73,0,0,0,0,0,0,162,52,2,25.00,62.85,989.39,97359,0.2840,0.8480,0.4880
2025-08-30T18:53:53,51.791074,-3.967500,95.40,11,0.06,2.84,0.73,0,1,2,0,1,2,282,90,14,25.00,62.87,989.39,98161,0.2840,0.8680,0.4760
2025-08-30T18:53:54,51.791073,-3.967500,95.00,11,0.13,2.84,0.73,0,1,2,0,1,2,282,90,14,25.00,62.87,989.39,97587,0.2840,0.8620,0.4840
2025-08-30T18:53:55,51.791072,-3.967500,94.50,11,0.15,2.84,0.73,0,1,2,0,1,2,282,90,14,25.00,62.86,989.39,97189,0.2840,0.8940,0.4920
2025-08-30T18:53:56,51.791072,-3.967499,94.00,11,0.15,2.84,0.73,0,1,2,0,1,2,282,90,14,25.00,62.85,989.38,98219,0.2840,0.8960,0.4960
2025-08-30T18:53:57,51.791073,-3.967499,93.70,11,0.11,2.84,0.73,0,1,4,0,1,4,288,92,16,25.00,62.87,989.39,97759,0.2840,0.8700,0.5020
2025-08-30T18:53:58,51.791072,-3.967499,93.30,11,0.04,2.84,0.73,1,2,5,1,2,5,288,92,16,25.00,62.87,989.38,97359,0.2840,0.8820,0.5100
2025-08-30T18:53:59,51.791071,-3.967499,92.90,11,0.02,2.84,0.73,1,2,5,1,2,5,288,92,16,25.00,62.88,989.39,97473,0.2840,0.8800,0.4840
2025-08-30T18:54:00,51.791071,-3.967500,92.50,11,0.06,2.84,0.73,1,2,5,1,2,5,288,94,16,25.00,62.87,989.39,97303,0.2840,0.8760,0.5020
2025-08-30T18:54:01,51.791071,-3.967500,92.10,11,0.07,2.84,0.73,0,1,4,0,1,4,288,94,16,25.00,62.89,989.40,96907,0.2840,0.8760,0.4940
2025-08-30T18:54:02,51.791072,-3.967499,91.60,11,0.07,2.84,0.73,0,1,4,0,1,4,282,92,16,25.00,62.87,989.39,97644,0.2840,0.8960,0.4940
2025-08-30T18:54:03,51.791072,-3.967500,91.20,11,0.07,2.84,0.73,0,1,4,0,1,4,282,92,16,25.00,62.89,989.38,97133,0.2840,0.8680,0.4860
2025-08-30T18:54:04,51.791072,-3.967500,90.90,11,0.06,2.84,0.73,0,0,3,0,0,3,162,52,18,25.01,62.89,989.39,97189,0.2840,0.8640,0.4780
2025-08-30T18:54:05,51.791072,-3.967501,90.70,11,0.02,2.84,0.73,0,0,3,0,0,3,174,56,18,25.01,62.90,989.39,97303,0.2840,0.8740,0.4920
2025-08-30T18:54:06,51.791072,-3.967500,90.10,11,0.04,2.84,0.73,0,0,3,0,0,3,174,56,18,25.01,62.89,989.39,96683,0.2840,0.8740,0.4860
2025-08-30T18:54:07,51.791072,-3.967500,89.70,11,0.04,2.84,0.73,1,1,4,1,1,4,234,76,18,25.01,62.90,989.38,97133,0.2840,0.8960,0.4840
2025-08-30T18:54:08,51.791073,-3.967501,89.50,11,0.02,2.84,0.73,1,1,4,1,1,4,234,76,18,25.01,62.88,989.38,96963,0.2840,0.8640,0.5020
2025-08-30T18:54:09,51.791073,-3.967501,89.20,11,0.09,2.84,0.73,1,2,5,1,2,5,246,80,18,25.01,62.88,989.38,97816,0.2840,0.8640,0.4840
2025-08-30T18:54:10,51.791073,-3.967500,89.10,11,0.13,2.84,0.73,0,0,1,0,0,1,144,48,6,25.01,62.89,989.38,97530,0.2840,0.8700,0.4720
2025-08-30T18:54:11,51.791073,-3.967500,89.00,11,0.07,2.84,0.73,0,0,1,0,0,1,144,48,6,25.01,62.86,989.37,97530,0.2840,0.8420,0.4680
2025-08-30T18:54:12,51.791073,-3.967501,89.10,11,0.13,2.84,0.73,0,0,1,0,0,1,150,50,6,25.01,62.88,989.36,97473,0.2840,0.8400,0.4780
2025-08-30T18:54:13,51.791072,-3.967501,89.00,11,0.31,2.84,0.73,0,0,1,0,0,1,150,50,6,25.01,62.87,989.36,97644,0.2840,0.8600,0.4760
2025-08-30T18:54:14,51.791071,-3.967501,88.60,11,0.48,2.84,0.73,0,0,0,0,0,0,144,48,4,25.01,62.88,989.36,97530,0.2840,0.8640,0.4780
2025-08-30T18:54:15,51.791069,-3.967501,88.30,11,0.28,2.84,0.73,0,0,0,0,0,0,144,48,4,25.02,62.89,989.36,97530,0.2840,0.8400,0.4820
2025-08-30T18:54:16,51.791069,-3.967502,88.20,10,0.30,2.84,0.85,0,0,0,0,0,0,144,48,4,25.01,62.91,989.37,97530,0.2840,0.8500,0.4780
2025-08-30T18:54:17,51.791068,-3.967502,88.00,10,0.09,2.84,0.85,0,0,4,0,0,4,156,52,8,25.02,62.90,989.37,97416,0.2840,0.8580,0.4660
2025-08-30T18:54:18,51.791067,-3.967502,88.00,10,0.11,2.84,0.85,0,0,4,0,0,4,156,52,8,25.02,62.92,989.36,97530,0.2840,0.8460,0.4660
2025-08-30T18:54:19,51.791067,-3.967503,88.00,10,0.26,2.84,0.85,0,1,4,0,1,4,174,58,12,25.02,62.91,989.36,97587,0.2840,0.8320,0.4740
2025-08-30T18:54:20,51.791066,-3.967503,88.00,10,0.22,2.84,0.85,0,1,4,0,1,4,174,58,10,25.02,62.91,989.35,97076,0.2840,0.8480,0.4920
2025-08-30T18:54:21,51.791065,-3.967503,87.90,10,0.22,2.84,0.85,0,1,4,0,1,4,174,58,10,25.02,62.90,989.35,96348,0.2840,0.8380,0.4840
2025-08-30T18:54:22,51.791065,-3.967504,87.90,10,0.15,2.84,0.85,0,0,4,0,0,4,162,54,10,25.02,62.89,989.34,96181,0.2840,0.8520,0.4720
2025-08-30T18:54:23,51.791062,-3.967501,88.00,10,1.56,2.84,0.85,0,0,4,0,0,4,162,54,10,25.02,62.88,989.35,96403,0.2840,0.8700,0.4920
2025-08-30T18:54:24,51.791059,-3.967500,88.30,10,0.50,2.84,0.85,0,0,4,0,0,4,102,34,10,25.02,62.92,989.35,96515,0.2840,0.8740,0.4720
2025-08-30T18:54:25,51.791059,-3.967501,88.40,10,0.24,2.84,0.85,0,0,4,0,0,4,102,34,10,25.02,62.94,989.35,96795,0.2840,0.8600,0.5040
2025-08-30T18:54:26,51.791060,-3.967500,88.50,10,0.33,2.84,0.85,0,0,5,0,0,5,90,30,10,25.03,62.99,989.36,96126,0.2840,0.8420,0.4920
2025-08-30T18:54:27,51.791060,-3.967500,88.70,10,0.07,2.84,0.85,0,0,5,0,0,5,78,26,10,25.03,63.02,989.36,96459,0.2840,0.8840,0.5020
2025-08-30T18:54:28,51.791060,-3.967499,88.80,10,0.02,2.84,0.85,0,0,4,0,0,4,78,26,10,25.03,63.05,989.35,96015,0.2840,0.8740,0.4820
2025-08-30T18:54:29,51.791061,-3.967499,88.90,10,0.19,2.84,0.85,0,0,4,0,0,4,84,28,14,25.03,63.05,989.35,96739,0.2840,0.8680,0.4880
2025-08-30T18:54:30,51.791062,-3.967499,89.00,10,0.07,2.84,0.85,0,0,4,0,0,4,84,28,14,25.03,63.05,989.35,96739,0.2840,0.8780,0.4840
2025-08-30T18:54:31,51.791062,-3.967499,89.10,10,0.07,2.84,0.85,0,0,5,0,0,5,84,28,14,25.03,63.07,989.35,96683,0.2840,0.8920,0.4860
2025-08-30T18:54:32,51.791062,-3.967499,89.20,10,0.04,2.84,0.85,0,0,5,0,0,5,114,38,16,25.03,63.06,989.35,96515,0.2840,0.8700,0.4740
2025-08-30T18:54:33,51.791063,-3.967499,89.20,10,0.09,2.84,0.85,0,0,5,0,0,5,114,38,16,25.03,63.06,989.35,97189,0.2840,0.8580,0.4900
2025-08-30T18:54:34,51.791063,-3.967498,89.20,10,0.04,2.84,0.85,0,0,2,0,0,2,96,32,12,25.03,63.04,989.35,96795,0.2840,0.8600,0.4880
2025-08-30T18:54:35,51.791063,-3.967497,89.20,10,0.00,2.84,0.85,0,0,2,0,0,2,96,32,12,25.04,63.03,989.36,97189,0.2840,0.8560,0.4920
2025-08-30T18:54:36,51.791063,-3.967497,89.30,10,0.02,2.84,0.85,0,0,2,0,0,2,78,26,8,25.04,63.00,989.35,97246,0.2840,0.8680,0.4940
2025-08-30T18:54:37,51.791063,-3.967497,89.20,10,0.04,2.84,0.85,0,0,2,0,0,2,78,26,8,25.04,62.99,989.35,97246,0.2840,0.8940,0.4920
2025-08-30T18:54:38,51.791063,-3.967497,89.20,11,0.13,2.84,0.73,0,0,2,0,0,2,78,26,8,25.04,62.98,989.36,97076,0.2840,0.8740,0.4880
2025-08-30T18:54:39,51.791062,-3.967497,89.30,11,0.00,2.84,0.73,0,0,2,0,0,2,84,28,10,25.04,62.96,989.36,97644,0.2840,0.8840,0.4900
2025-08-30T18:54:40,51.791062,-3.967496,89.30,11,0.20,2.84,0.73,0,0,2,0,0,2,84,28,10,25.04,62.95,989.36,97189,0.2840,0.8660,0.4660
2025-08-30T18:54:41,51.791061,-3.967495,89.20,11,0.19,2.84,0.73,0,0,2,0,0,2,96,32,10,25.04,62.93,989.36,97303,0.2840,0.8900,0.4920
2025-08-30T18:54:42,51.791060,-3.967494,89.20,11,0.02,2.84,0.73,0,0,0,0,0,0,84,28,8,25.04,62.91,989.36,97303,0.2840,0.8560,0.5100
2025-08-30T18:54:43,51.791060,-3.967494,89.20,11,0.06,2.84,0.73,0,0,0,0,0,0,84,28,8,25.04,62.89,989.36,97303,0.2840,0.8700,0.4700
2025-08-30T18:54:44,51.791060,-3.967494,89.20,10,0.02,2.84,0.85,0,0,0,0,0,0,78,26,8,25.04,62.87,989.36,97873,0.2840,0.8600,0.4840
2025-08-30T18:54:45,51.791059,-3.967494,89.20,10,0.07,2.84,0.85,0,0,0,0,0,0,78,26,8,25.04,62.84,989.37,97189,0.2840,0.8920,0.4820
2025-08-30T18:54:46,51.791059,-3.967494,89.30,10,0.06,2.84,0.85,0,0,0,0,0,0,66,22,4,25.04,62.83,989.37,96851,0.2840,0.8800,0.4920
2025-08-30T18:54:47,51.791059,-3.967493,89.30,10,0.07,2.84,0.85,0,0,0,0,0,0,72,24,4,25.04,62.83,989.37,97303,0.2840,0.8740,0.4780
2025-08-30T18:54:48,51.791058,-3.967493,89.30,10,0.06,2.84,0.85,0,0,0,0,0,0,72,24,4,25.04,62.80,989.37,97416,0.2840,0.8840,0.4900
2025-08-30T18:54:49,51.791058,-3.967493,89.40,10,0.06,2.84,0.85,0,0,0,0,0,0,48,16,4,25.04,62.79,989.37,97076,0.2840,0.8600,0.5160
2025-08-30T18:54:50,51.791058,-3.967493,89.30,11,0.04,2.84,0.73,0,0,0,0,0,0,48,16,4,25.04,62.80,989.37,97359,0.2840,0.8620,0.5100
2025-08-30T18:54:51,51.791057,-3.967493,89.30,11,0.00,2.84,0.73,0,0,0,0,0,0,66,22,6,25.04,62.77,989.38,97587,0.2840,0.8580,0.5040
2025-08-30T18:54:52,51.791057,-3.967493,89.40,11,0.07,2.84,0.73,0,0,0,0,0,0,66,22,6,25.05,62.78,989.39,97359,0.2840,0.8560,0.4920
2025-08-30T18:54:53,51.791057,-3.967493,89.50,11,0.00,2.84,0.73,0,0,0,0,0,0,66,22,6,25.05,62.77,989.39,97246,0.2840,0.8540,0.4860
2025-08-30T18:54:54,51.791057,-3.967493,89.60,11,0.06,2.84,0.73,0,0,0,0,0,0,60,20,6,25.05,62.76,989.39,96851,0.2840,0.8580,0.5080
2025-08-30T18:54:55,51.791057,-3.967493,89.70,11,0.09,2.84,0.73,0,0,0,0,0,0,60,20,6,25.05,62.75,989.40,97759,0.2840,0.8820,0.4840
2025-08-30T18:54:56,51.791057,-3.967494,89.80,11,0.07,2.84,0.73,0,0,1,0,0,1,60,20,8,25.05,62.75,989.40,97359,0.2840,0.8840,0.4840
2025-08-30T18:54:57,51.791057,-3.967494,90.00,11,0.07,2.84,0.73,0,0,1,0,0,1,60,20,8,25.05,62.74,989.39,97076,0.2840,0.8600,0.4940
2025-08-30T18:54:58,51.791057,-3.967495,90.10,11,0.02,2.84,0.73,0,0,3,0,0,3,84,28,12,25.05,62.74,989.39,97587,0.2840,0.8700,0.4820
2025-08-30T18:54:59,51.791057,-3.967495,90.10,11,0.06,2.84,0.73,0,0,3,0,0,3,90,30,12,25.05,62.74,989.39,97246,0.2840,0.8600,0.4960
2025-08-30T18:55:00,51.791057,-3.967495,90.20,11,0.06,2.84,0.73,0,0,3,0,0,3,90,30,12,25.05,62.73,989.39,97133,0.2840,0.8740,0.5020
2025-08-30T18:55:01,51.791057,-3.967495,90.30,11,0.09,2.84,0.73,0,0,3,0,0,3,90,30,12,25.05,62.75,989.38,97303,0.2840,0.8660,0.4840
2025-08-30T18:55:02,51.791056,-3.967494,90.30,11,0.09,2.84,0.73,0,0,3,0,0,3,90,30,12,25.05,62.75,989.38,97246,0.2840,0.8620,0.5000
2025-08-30T18:55:03,51.791055,-3.967494,90.40,11,0.04,2.84,0.73,0,0,3,0,0,3,90,30,12,25.05,62.76,989.39,96851,0.2840,0.8780,0.4920
2025-08-30T18:55:04,51.791054,-3.967494,90.30,11,0.02,2.84,0.73,0,0,3,0,0,3,96,32,12,25.05,62.76,989.39,97076,0.2840,0.8780,0.4840
2025-08-30T18:55:05,51.791054,-3.967494,90.30,11,0.06,2.84,0.73,0,0,3,0,0,3,96,32,12,25.05,62.78,989.39,96851,0.2840,0.8760,0.4820
2025-08-30T18:55:06,51.791054,-3.967494,90.30,11,0.09,2.84,0.73,0,0,3,0,0,3,90,30,10,25.05,62.78,989.39,96683,0.2840,0.8780,0.4760
2025-08-30T18:55:07,51.791054,-3.967495,90.30,11,0.17,2.84,0.73,0,0,3,0,0,3,90,30,10,25.05,62.80,989.39,97530,0.2840,0.8620,0.4720
2025-08-30T18:55:08,51.791053,-3.967495,90.40,11,0.04,2.84,0.73,0,0,3,0,0,3,84,28,10,25.05,62.78,989.39,96851,0.2840,0.8840,0.4960
2025-08-30T18:55:09,51.791053,-3.967495,90.30,11,0.19,2.84,0.73,0,0,3,0,0,3,84,28,10,25.05,62.78,989.40,97246,0.2840,0.8920,0.4900
2025-08-30T18:55:10,51.791052,-3.967494,90.40,11,0.09,2.84,0.73,0,0,3,0,0,3,84,28,10,25.06,62.77,989.40,97473,0.2840,0.8740,0.4920
2025-08-30T18:55:11,51.791052,-3.967495,90.40,11,0.09,2.84,0.73,0,0,3,0,0,3,90,30,10,25.06,62.78,989.40,97076,0.2840,0.9020,0.4920
2025-08-30T18:55:12,51.791052,-3.967495,90.50,11,0.06,2.84,0.73,0,0,3,0,0,3,90,30,10,25.06,62.76,989.40,97189,0.2840,0.8660,0.4840
2025-08-30T18:55:13,51.791052,-3.967496,90.50,11,0.13,2.84,0.73,0,0,2,0,0,2,78,26,6,25.06,62.76,989.40,96907,0.2840,0.9020,0.5040
2025-08-30T18:55:14,51.791051,-3.967495,90.60,11,0.04,2.84,0.73,0,0,2,0,0,2,78,26,6,25.06,62.76,989.40,97359,0.2840,0.8820,0.4920
2025-08-30T18:55:15,51.791051,-3.967495,90.60,11,0.09,2.84,0.73,0,0,0,0,0,0,48,16,2,25.06,62.75,989.40,97359,0.2840,0.8680,0.4960
2025-08-30T18:55:16,51.791050,-3.967496,90.70,11,0.02,2.84,0.73,0,0,0,0,0,0,42,14,2,25.06,62.74,989.40,96739,0.2840,0.8620,0.5100
2025-08-30T18:55:17,51.791049,-3.967496,90.70,11,0.06,2.84,0.73,0,0,0,0,0,0,42,14,2,25.06,62.73,989.41,97644,0.2840,0.8420,0.5100
2025-08-30T18:55:18,51.791049,-3.967496,90.60,11,0.11,2.84,0.73,0,0,0,0,0,0,66,22,6,25.06,62.75,989.40,97816,0.2840,0.8580,0.4900
2025-08-30T18:55:19,51.791048,-3.967496,90.60,11,0.13,2.84,0.73,0,0,0,0,0,0,66,22,6,25.06,62.73,989.40,97246,0.2840,0.8640,0.4940
2025-08-30T18:55:20,51.791047,-3.967496,90.60,10,0.15,2.84,0.85,0,0,0,0,0,0,66,22,6,25.06,62.73,989.39,96515,0.2840,0.8600,0.4740
2025-08-30T18:55:21,51.791047,-3.967496,90.60,10,0.04,2.84,0.85,0,0,0,0,0,0,102,34,10,25.06,62.72,989.39,96963,0.2840,0.8820,0.4920
2025-08-30T18:55:22,51.791048,-3.967497,90.70,10,0.02,2.84,0.85,0,0,0,0,0,0,102,34,10,25.05,62.71,989.39,97759,0.2840,0.8820,0.4840
2025-08-30T18:55:23,51.791048,-3.967497,90.90,10,0.09,2.84,0.85,0,0,0,0,0,0,108,36,10,25.05,62.70,989.40,96963,0.2840,0.8560,0.4740
2025-08-30T18:55:24,51.791048,-3.967498,91.00,10,0.06,2.84,0.85,0,0,0,0,0,0,108,36,10,25.05,62.69,989.39,97133,0.2840,0.8700,0.4880
2025-08-30T18:55:25,51.791047,-3.967498,91.00,10,0.06,2.84,0.85,0,0,0,0,0,0,96,32,8,25.05,62.68,989.40,97246,0.2840,0.8680,0.4900
2025-08-30T18:55:26,51.791047,-3.967498,91.20,11,0.07,2.84,0.73,0,0,0,0,0,0,96,32,8,25.05,62.69,989.39,97076,0.2840,0.8680,0.4840
2025-08-30T18:55:27,51.791047,-3.967498,91.20,11,0.09,2.84,0.73,0,0,0,0,0,0,96,32,8,25.05,62.65,989.40,96963,0.2840,0.8800,0.4780
2025-08-30T18:55:28,51.791046,-3.967498,91.30,11,0.09,2.84,0.73,0,0,0,0,0,0,102,34,8,25.05,62.67,989.39,97303,0.2840,0.8800,0.4680
2025-08-30T18:55:29,51.791046,-3.967499,91.40,11,0.13,2.84,0.73,0,0,0,0,0,0,102,34,8,25.06,62.67,989.40,96795,0.2840,0.8740,0.4840
2025-08-30T18:55:30,51.791046,-3.967499,91.50,11,0.02,2.84,0.73,0,0,2,0,0,2,108,36,10,25.05,62.65,989.40,96851,0.2840,0.8420,0.5020
2025-08-30T18:55:31,51.791046,-3.967499,91.60,11,0.07,2.84,0.73,0,0,2,0,0,2,102,34,10,25.05,62.67,989.40,97931,0.2840,0.8640,0.4840
2025-08-30T18:55:32,51.791046,-3.967499,91.80,11,0.09,2.84,0.73,0,0,2,0,0,2,102,34,10,25.05,62.67,989.40,96851,0.2840,0.8560,0.5040
2025-08-30T18:55:33,51.791046,-3.967499,91.80,11,0.22,2.84,0.73,0,0,2,0,0,2,108,34,10,25.05,62.67,989.39,96907,0.2840,0.8640,0.4900
2025-08-30T18:55:34,51.791046,-3.967499,92.00,11,0.02,2.84,0.73,0,0,2,0,0,2,108,34,10,25.05,62.69,989.39,97133,0.2840,0.8600,0.4860
2025-08-30T18:55:35,51.791046,-3.967500,92.00,11,0.00,2.84,0.73,0,0,2,0,0,2,84,26,6,25.05,62.69,989.38,96627,0.2840,0.8680,0.4980
2025-08-30T18:55:36,51.791045,-3.967500,92.10,11,0.24,2.84,0.73,0,0,2,0,0,2,84,26,6,25.05,62.69,989.38,97473,0.2840,0.8740,0.4840
2025-08-30T18:55:37,51.791045,-3.967501,92.20,11,0.02,2.84,0.73,0,0,2,0,0,2,84,26,6,25.05,62.69,989.39,97076,0.2840,0.8480,0.4760
2025-08-30T18:55:38,51.791044,-3.967500,92.20,11,0.04,2.84,0.73,0,0,2,0,0,2,66,20,10,25.05,62.69,989.39,97246,0.2840,0.8780,0.4860
2025-08-30T18:55:39,51.791043,-3.967501,92.30,11,0.06,2.84,0.73,0,0,2,0,0,2,66,20,10,25.05,62.69,989.39,97076,0.2840,0.8640,0.4920
2025-08-30T18:55:40,51.791043,-3.967501,92.30,11,0.00,2.84,0.73,0,0,2,0,0,2,60,18,10,25.05,62.70,989.40,96739,0.2840,0.8740,0.4940
2025-08-30T18:55:41,51.791043,-3.967501,92.40,11,0.09,2.84,0.73,0,0,2,0,0,2,60,18,10,25.05,62.71,989.41,96739,0.2840,0.8560,0.4920
2025-08-30T18:55:42,51.791042,-3.967501,92.50,11,0.04,2.84,0.73,0,0,3,0,0,3,66,20,12,25.05,62.71,989.41,97020,0.2840,0.8700,0.4880
2025-08-30T18:55:43,51.791041,-3.967501,92.60,11,0.02,2.84,0.73,0,0,3,0,0,3,66,20,12,25.05,62.72,989.42,96795,0.2840,0.8740,0.5020
2025-08-30T18:55:44,51.791040,-3.967501,92.50,11,0.17,2.84,0.73,0,0,3,0,0,3,66,20,12,25.05,62.73,989.41,97076,0.2840,0.8580,0.4840
2025-08-30T18:55:45,51.791039,-3.967501,92.50,11,0.15,2.84,0.73,0,0,3,0,0,3,54,16,12,25.05,62.73,989.41,97359,0.2840,0.8700,0.4760
2025-08-30T18:55:46,51.791038,-3.967501,92.50,11,0.02,2.84,0.73,0,0,3,0,0,3,54,16,12,25.05,62.73,989.41,96907,0.2840,0.8520,0.4840
2025-08-30T18:55:47,51.791038,-3.967501,92.50,11,0.02,2.84,0.73,0,0,3,0,0,3,84,26,14,25.05,62.73,989.41,97246,0.2840,0.8560,0.4880
2025-08-30T18:55:48,51.791036,-3.967501,92.50,11,0.02,2.84,0.73,0,0,3,0,0,3,84,26,14,25.05,62.71,989.40,97133,0.2840,0.8640,0.4660
2025-08-30T18:55:49,51.791035,-3.967501,92.40,11,0.17,2.84,0.73,0,0,3,0,0,3,84,26,14,25.05,62.73,989.40,97189,0.2840,0.8840,0.4980
2025-08-30T18:55:50,51.791035,-3.967501,92.50,11,0.07,2.84,0.73,0,0,3,0,0,3,78,26,14,25.05,62.71,989.40,97076,0.2840,0.8640,0.4920
2025-08-30T18:55:51,51.791034,-3.967501,92.60,11,0.06,2.84,0.73,0,0,3,0,0,3,78,26,14,25.05,62.71,989.39,96963,0.2840,0.8740,0.4780
2025-08-30T18:55:52,51.791034,-3.967501,92.80,11,0.17,2.84,0.73,0,1,3,0,1,3,102,34,16,25.05,62.71,989.39,97133,0.2840,0.8600,0.4780
2025-08-30T18:55:53,51.791033,-3.967501,92.60,11,0.06,2.84,0.73,0,1,3,0,1,3,126,42,18,25.05,62.69,989.39,96515,0.2840,0.8780,0.4900
2025-08-30T18:55:54,51.791032,-3.967501,92.60,11,0.11,2.84,0.73,0,1,3,0,1,3,126,42,18,25.05,62.71,989.38,97076,0.2840,0.8540,0.4760
2025-08-30T18:55:55,51.791030,-3.967501,92.60,11,0.00,2.84,0.73,0,0,3,0,0,3,102,34,10,25.05,62.71,989.38,96907,0.2840,0.8560,0.4900
2025-08-30T18:55:56,51.791029,-3.967500,92.40,11,0.17,2.84,0.73,0,0,3,0,0,3,102,34,10,25.05,62.70,989.38,96181,0.2840,0.8560,0.4840
2025-08-30T18:55:57,51.791027,-3.967500,92.20,11,0.11,2.84,0.73,0,0,3,0,0,3,108,36,10,25.05,62.71,989.36,97246,0.2840,0.8580,0.4840
2025-08-30T18:55:58,51.791025,-3.967500,92.00,11,0.22,2.84,0.73,0,0,3,0,0,3,108,36,10,25.05,62.71,989.38,96627,0.2840,0.8380,0.4660
2025-08-30T18:55:59,51.791024,-3.967499,91.70,11,0.15,2.84,0.73,0,0,1,0,0,1,102,34,8,25.05,62.72,989.37,96795,0.2840,0.8560,0.4840
2025-08-30T18:56:00,51.791022,-3.967499,91.40,11,0.04,2.84,0.73,0,1,4,0,1,4,162,54,22,25.06,62.72,989.38,96907,0.2840,0.8900,0.4660
2025-08-30T18:56:01,51.791020,-3.967499,91.10,11,0.04,2.84,0.73,0,1,4,0,1,4,162,54,22,25.06,62.73,989.38,96348,0.2840,0.8620,0.4820
2025-08-30T18:56:02,51.791020,-3.967499,91.20,11,0.00,2.84,0.73,0,1,4,0,1,4,162,54,22,25.06,62.70,989.38,97530,0.2840,0.8600,0.4900
2025-08-30T18:56:03,51.791019,-3.967499,91.10,11,0.19,2.84,0.73,0,1,4,0,1,4,162,54,22,25.05,62.72,989.39,97189,0.2840,0.8720,0.4820
2025-08-30T18:56:04,51.791017,-3.967498,91.00,11,0.09,2.84,0.73,0,1,2,0,1,2,144,48,18,25.05,62.69,989.39,97359,0.2840,0.8780,0.4780
2025-08-30T18:56:05,51.791016,-3.967498,90.90,11,0.11,2.84,0.73,0,1,2,0,1,2,144,48,18,25.05,62.69,989.39,97416,0.2840,0.8680,0.4840
2025-08-30T18:56:06,51.791015,-3.967498,90.80,11,0.17,2.84,0.73,0,1,2,0,1,2,144,48,18,25.05,62.69,989.39,97133,0.2840,0.8620,0.4840
2025-08-30T18:56:07,51.791014,-3.967498,90.70,11,0.02,2.84,0.73,0,1,2,0,1,2,156,52,18,25.05,62.68,989.39,96907,0.2840,0.8700,0.4920
2025-08-30T18:56:08,51.791013,-3.967498,90.70,11,0.04,2.84,0.73,0,1,2,0,1,2,156,52,18,25.05,62.65,989.39,97359,0.2840,0.8540,0.4920
2025-08-30T18:56:09,51.791013,-3.967499,90.70,11,0.00,2.84,0.73,0,1,2,0,1,2,144,48,18,25.05,62.67,989.39,97473,0.2840,0.8680,0.4700
2025-08-30T18:56:10,51.791012,-3.967500,90.80,11,0.02,2.84,0.73,0,1,2,0,1,2,114,38,16,25.05,62.65,989.39,97701,0.2840,0.8820,0.4840
2025-08-30T18:56:11,51.791012,-3.967500,90.70,11,0.13,2.84,0.73,0,1,2,0,1,2,114,38,16,25.05,62.64,989.39,97359,0.2840,0.8760,0.5020
2025-08-30T18:56:12,51.791012,-3.967501,90.80,11,0.13,2.84,0.73,0,1,2,0,1,2,114,38,16,25.05,62.65,989.40,97076,0.2840,0.8920,0.4880
2025-08-30T18:56:13,51.791011,-3.967501,90.80,11,0.15,2.84,0.73,0,1,2,0,1,2,114,38,16,25.05,62.63,989.41,96907,0.2840,0.8740,0.4980
2025-08-30T18:56:14,51.791011,-3.967502,90.70,11,0.04,2.84,0.73,0,1,2,0,1,2,108,36,16,25.05,62.63,989.41,96963,0.2840,0.8740,0.4840
2025-08-30T18:56:15,51.791010,-3.967502,90.60,11,0.04,2.84,0.73,0,1,2,0,1,2,126,42,16,25.05,62.65,989.42,96851,0.2840,0.8760,0.4980
2025-08-30T18:56:16,51.791010,-3.967502,90.50,11,0.09,2.84,0.73,0,1,2,0,1,2,126,42,16,25.05,62.64,989.41,97076,0.2840,0.8760,0.4840
2025-08-30T18:56:17,51.791008,-3.967502,90.20,11,0.06,2.84,0.73,0,0,0,0,0,0,66,22,2,25.05,62.66,989.41,96795,0.2840,0.8860,0.4960
2025-08-30T18:56:18,51.791007,-3.967502,90.10,11,0.04,2.84,0.73,0,0,0,0,0,0,66,22,2,25.05,62.67,989.41,97076,0.2840,0.8740,0.4920
2025-08-30T18:56:19,51.791005,-3.967502,89.80,11,0.30,2.84,0.73,0,0,0,0,0,0,84,28,4,25.05,62.67,989.41,96627,0.2840,0.8740,0.4980
2025-08-30T18:56:20,51.791005,-3.967502,89.80,11,0.06,2.84,0.73,0,0,0,0,0,0,84,28,4,25.05,62.69,989.41,96907,0.2840,0.8740,0.4860
2025-08-30T18:56:21,51.791005,-3.967502,89.70,11,0.22,2.84,0.73,0,0,0,0,0,0,66,22,4,25.05,62.67,989.40,96627,0.2840,0.8660,0.4760
2025-08-30T18:56:22,51.791004,-3.967502,89.50,11,0.06,2.84,0.73,0,0,0,0,0,0,90,30,4,25.05,62.67,989.40,96739,0.2840,0.8640,0.4680
2025-08-30T18:56:23,51.791004,-3.967502,89.30,11,0.04,2.84,0.73,0,0,0,0,0,0,90,30,4,25.05,62.69,989.39,96627,0.2840,0.8800,0.4740
2025-08-30T18:56:24,51.791004,-3.967502,89.20,11,0.07,2.84,0.73,0,1,1,0,1,1,144,46,6,25.05,62.71,989.39,96403,0.2840,0.8800,0.5020
2025-08-30T18:56:25,51.791003,-3.967503,89.00,11,0.02,2.84,0.73,0,1,1,0,1,1,144,46,6,25.05,62.71,989.40,96515,0.2840,0.8720,0.4820
2025-08-30T18:56:26,51.791003,-3.967503,88.80,11,0.11,2.84,0.73,0,1,1,0,1,1,132,42,4,25.05,62.71,989.40,96683,0.2840,0.8820,0.4820
2025-08-30T18:56:27,51.791003,-3.967504,88.60,11,0.00,2.84,0.73,0,1,1,0,1,1,138,44,4,25.05,62.70,989.40,96571,0.2840,0.8800,0.4820
2025-08-30T18:56:28,51.791003,-3.967505,88.40,11,0.15,2.84,0.73,0,1,1,0,1,1,138,44,4,25.05,62.72,989.40,96403,0.2840,0.8840,0.5100
2025-08-30T18:56:29,51.791002,-3.967506,88.30,11,0.09,2.84,0.73,1,1,1,1,1,1,210,64,6,25.05,62.72,989.39,96963,0.2840,0.9060,0.4660
2025-08-30T18:56:30,51.791002,-3.967506,88.10,11,0.07,2.84,0.73,1,1,1,1,1,1,210,64,6,25.05,62.73,989.39,96015,0.2840,0.8820,0.4920
2025-08-30T18:56:31,51.791003,-3.967507,88.00,11,0.17,2.84,0.73,1,1,1,1,1,1,222,68,6,25.05,62.73,989.40,96851,0.2840,0.8700,0.4880
2025-08-30T18:56:32,51.791003,-3.967508,88.00,11,0.04,2.84,0.73,1,1,1,1,1,1,216,66,6,25.05,62.71,989.39,96181,0.2840,0.8820,0.4880
2025-08-30T18:56:33,51.791004,-3.967509,88.10,11,0.07,2.84,0.73,1,1,1,1,1,1,216,66,6,25.05,62.71,989.38,96348,0.2840,0.8780,0.4700
2025-08-30T18:56:34,51.791005,-3.967509,88.10,11,0.13,2.84,0.73,1,1,1,1,1,1,366,114,8,25.05,62.69,989.39,96237,0.2840,0.8800,0.4840
2025-08-30T18:56:35,51.791005,-3.967510,88.10,11,0.15,2.84,0.73,1,1,1,1,1,1,366,114,8,25.05,62.67,989.38,96126,0.2840,0.8700,0.4800
2025-08-30T18:56:36,51.791005,-3.967511,88.10,11,0.04,2.84,0.73,1,1,1,1,1,1,354,110,6,25.05,62.65,989.38,96292,0.2840,0.8840,0.4920
2025-08-30T18:56:37,51.791006,-3.967512,88.00,11,0.09,2.84,0.73,2,2,2,2,2,2,360,112,8,25.05,62.63,989.38,96181,0.2840,0.8720,0.4760
2025-08-30T18:56:38,51.791006,-3.967512,87.90,11,0.00,2.84,0.73,2,2,2,2,2,2,360,112,8,25.05,62.63,989.38,96348,0.2840,0.8840,0.4660
2025-08-30T18:56:39,51.791006,-3.967512,87.80,11,0.13,2.84,0.73,2,2,2,2,2,2,336,104,8,25.05,62.63,989.38,96348,0.2840,0.8820,0.4880
2025-08-30T18:56:40,51.791006,-3.967512,87.80,11,0.11,2.84,0.73,2,2,2,2,2,2,336,104,8,25.05,62.61,989.38,96627,0.2840,0.8820,0.4820
2025-08-30T18:56:41,51.791006,-3.967512,87.70,11,0.15,2.84,0.73,1,1,1,1,1,1,276,86,8,25.05,62.61,989.38,95740,0.2840,0.8940,0.4880
2025-08-30T18:56:42,51.791007,-3.967512,87.80,11,0.09,2.84,0.73,1,1,1,1,1,1,276,86,8,25.05,62.61,989.39,95740,0.2840,0.8840,0.4920
2025-08-30T18:56:43,51.791007,-3.967513,87.80,11,0.13,2.84,0.73,1,1,1,1,1,1,282,88,10,25.05,62.61,989.39,96571,0.2840,0.9000,0.4780
2025-08-30T18:56:44,51.791008,-3.967513,87.80,11,0.07,2.84,0.73,1,1,3,1,1,3,282,88,12,25.05,62.59,989.39,96292,0.2840,0.8960,0.5080
2025-08-30T18:56:45,51.791009,-3.967513,87.90,11,0.00,2.84,0.73,1,1,3,1,1,3,282,88,12,25.05,62.58,989.40,96126,0.2840,0.9080,0.4900
2025-08-30T18:56:46,51.791009,-3.967513,87.90,11,0.02,2.84,0.73,1,1,3,1,1,3,210,68,12,25.05,62.56,989.40,96070,0.2840,0.8780,0.4840
2025-08-30T18:56:47,51.791009,-3.967513,87.90,11,0.04,2.84,0.73,1,1,3,1,1,3,210,68,12,25.05,62.55,989.41,96015,0.2840,0.8920,0.4900
2025-08-30T18:56:48,51.791010,-3.967513,87.90,11,0.15,2.84,0.73,1,1,3,1,1,3,198,64,12,25.05,62.55,989.41,95905,0.2840,0.8620,0.4720
2025-08-30T18:56:49,51.791010,-3.967513,87.90,11,0.06,2.84,0.73,1,1,3,1,1,3,192,62,12,25.05,62.52,989.41,96627,0.2840,0.8680,0.5100
2025-08-30T18:56:50,51.791010,-3.967513,87.80,11,0.06,2.84,0.73,1,1,3,1,1,3,192,62,12,25.05,62.54,989.41,96237,0.2840,0.8840,0.4920
2025-08-30T18:56:51,51.791010,-3.967513,87.80,11,0.04,2.84,0.73,0,0,2,0,0,2,60,18,10,25.05,62.54,989.40,96795,0.2840,0.9120,0.4840
2025-08-30T18:56:52,51.791010,-3.967514,87.80,11,0.04,2.84,0.73,0,0,2,0,0,2,60,18,10,25.05,62.54,989.40,96403,0.2840,0.9080,0.4940
2025-08-30T18:56:53,51.791010,-3.967514,87.80,11,0.06,2.84,0.73,0,0,2,0,0,2,72,22,10,25.05,62.56,989.39,96851,0.2840,0.8960,0.4780
2025-08-30T18:56:54,51.791010,-3.967515,87.90,11,0.04,2.84,0.73,0,0,3,0,0,3,84,24,10,25.05,62.53,989.39,96292,0.2840,0.9020,0.4900
2025-08-30T18:56:55,51.791011,-3.967515,87.90,11,0.02,2.84,0.73,0,0,3,0,0,3,84,24,10,25.05,62.52,989.39,96459,0.2840,0.8880,0.4880
2025-08-30T18:56:56,51.791011,-3.967515,87.90,11,0.06,2.84,0.73,0,0,3,0,0,3,84,24,10,25.05,62.52,989.38,96571,0.2840,0.9040,0.4780
2025-08-30T18:56:57,51.791011,-3.967515,87.80,11,0.07,2.84,0.73,0,0,3,0,0,3,84,24,10,25.05,62.51,989.37,96963,0.2840,0.8860,0.4600
2025-08-30T18:56:58,51.791012,-3.967515,87.90,11,0.00,2.84,0.73,0,0,4,0,0,4,90,26,8,25.05,62.50,989.38,96739,0.2840,0.8940,0.4840
2025-08-30T18:56:59,51.791013,-3.967515,88.00,11,0.04,2.84,0.73,0,0,4,0,0,4,126,38,6,25.05,62.50,989.37,96963,0.2840,0.8860,0.4760
2025-08-30T18:57:00,51.791014,-3.967516,88.10,11,0.04,2.84,0.73,0,0,4,0,0,4,126,38,6,25.05,62.49,989.36,97020,0.2840,0.8880,0.4800
2025-08-30T18:57:01,51.791014,-3.967516,88.10,11,0.07,2.84,0.73,0,0,1,0,0,1,126,38,4,25.05,62.50,989.36,96683,0.2840,0.9000,0.4940
2025-08-30T18:57:02,51.791015,-3.967515,88.20,11,0.09,2.84,0.73,0,0,1,0,0,1,126,38,4,25.05,62.49,989.36,96683,0.2840,0.9020,0.4780
2025-08-30T18:57:03,51.791015,-3.967515,88.20,11,0.09,2.84,0.73,0,0,1,0,0,1,120,36,2,25.05,62.48,989.37,96795,0.2840,0.9100,0.4840
2025-08-30T18:57:04,51.791016,-3.967515,88.30,11,0.06,2.84,0.73,0,0,1,0,0,1,120,36,2,25.05,62.48,989.36,96739,0.2840,0.9100,0.4840
2025-08-30T18:57:05,51.791016,-3.967515,88.40,11,0.04,2.84,0.73,0,0,2,0,0,2,162,50,2,25.04,62.48,989.37,96348,0.2840,0.8900,0.4840
2025-08-30T18:57:06,51.791017,-3.967515,88.50,11,0.06,2.84,0.73,0,0,2,0,0,2,156,48,2,25.04,62.48,989.37,96795,0.2840,0.9060,0.5020
2025-08-30T18:57:07,51.791017,-3.967515,88.50,11,0.07,2.84,0.73,0,0,2,0,0,2,156,48,2,25.04,62.46,989.38,97133,0.2840,0.8800,0.4940
2025-08-30T18:57:08,51.791017,-3.967515,88.50,11,0.17,2.84,0.73,0,0,2,0,0,2,144,46,2,25.04,62.46,989.38,97020,0.2840,0.8920,0.4840
2025-08-30T18:57:09,51.791017,-3.967515,88.50,11,0.11,2.84,0.73,0,0,2,0,0,2,144,46,2,25.04,62.46,989.37,96963,0.2840,0.9260,0.4920
2025-08-30T18:57:10,51.791017,-3.967515,88.50,11,0.02,2.84,0.73,0,0,2,0,0,2,126,40,2,25.04,62.46,989.37,97359,0.2840,0.9000,0.5180
2025-08-30T18:57:11,51.791018,-3.967514,88.60,11,0.06,2.84,0.73,0,0,0,0,0,0,108,36,0,25.04,62.46,989.37,96627,0.2840,0.9080,0.4860
2025-08-30T18:57:12,51.791018,-3.967515,88.70,11,0.04,2.84,0.73,0,0,0,0,0,0,108,36,0,25.04,62.45,989.36,96907,0.2840,0.8940,0.4780
2025-08-30T18:57:13,51.791018,-3.967515,88.70,11,0.00,2.84,0.73,0,0,0,0,0,0,108,36,0,25.04,62.45,989.37,97644,0.2840,0.9020,0.4840
2025-08-30T18:57:14,51.791019,-3.967515,88.70,11,0.02,2.84,0.73,0,0,0,0,0,0,108,36,0,25.04,62.46,989.36,97189,0.2840,0.8800,0.4820
2025-08-30T18:57:15,51.791019,-3.967515,88.80,11,0.02,2.84,0.73,0,0,0,0,0,0,96,32,0,25.04,62.44,989.36,97133,0.2840,0.8940,0.4740
2025-08-30T18:57:16,51.791019,-3.967514,88.80,11,0.02,2.84,0.73,0,0,0,0,0,0,96,30,4,25.04,62.44,989.36,96627,0.2840,0.9040,0.5100
2025-08-30T18:57:17,51.791019,-3.967515,88.80,11,0.02,2.84,0.73,0,0,0,0,0,0,96,30,4,25.04,62.45,989.36,97246,0.2840,0.8920,0.4920
2025-08-30T18:57:18,51.791019,-3.967515,88.80,11,0.06,2.84,0.73,0,0,0,0,0,0,108,34,4,25.03,62.44,989.36,96963,0.2840,0.9080,0.4840
2025-08-30T18:57:19,51.791019,-3.967515,88.80,11,0.04,2.84,0.73,0,0,0,0,0,0,108,34,4,25.03,62.46,989.37,97189,0.2840,0.9000,0.4740
2025-08-30T18:57:20,51.791019,-3.967515,88.90,11,0.06,2.84,0.73,0,0,0,0,0,0,108,34,4,25.03,62.49,989.37,97133,0.2840,0.8960,0.4920
2025-08-30T18:57:21,51.791019,-3.967514,88.90,11,0.02,2.84,0.73,0,0,0,0,0,0,90,28,4,25.03,62.50,989.36,96292,0.2840,0.9220,0.4660
2025-08-30T18:57:22,51.791019,-3.967515,88.90,11,0.04,2.84,0.73,0,0,0,0,0,0,90,28,4,25.04,62.51,989.36,96683,0.2840,0.8960,0.4840
2025-08-30T18:57:23,51.791019,-3.967515,88.90,11,0.11,2.84,0.73,0,0,0,0,0,0,102,32,8,25.03,62.51,989.36,96571,0.2840,0.9320,0.4840
2025-08-30T18:57:24,51.791019,-3.967515,89.00,11,0.07,2.84,0.73,0,0,0,0,0,0,102,32,8,25.03,62.53,989.36,96515,0.2840,0.8860,0.4820
2025-08-30T18:57:25,51.791019,-3.967515,89.00,11,0.00,2.84,0.73,0,0,0,0,0,0,108,34,8,25.03,62.53,989.37,96851,0.2840,0.9020,0.4780
2025-08-30T18:57:26,51.791019,-3.967515,89.10,11,0.02,2.84,0.73,0,0,0,0,0,0,108,34,8,25.03,62.54,989.38,96795,0.2840,0.9100,0.4720
2025-08-30T18:57:27,51.791019,-3.967516,89.10,11,0.04,2.84,0.73,0,0,0,0,0,0,114,36,8,25.03,62.54,989.38,96515,0.2840,0.9220,0.4780
2025-08-30T18:57:28,51.791019,-3.967516,89.20,11,0.06,2.84,0.73,0,0,0,0,0,0,114,36,8,25.03,62.55,989.38,96403,0.2840,0.9180,0.4900
2025-08-30T18:57:29,51.791019,-3.967516,89.30,11,0.04,2.84,0.73,0,0,0,0,0,0,114,36,8,25.03,62.56,989.38,96403,0.2840,0.9280,0.4660
2025-08-30T18:57:30,51.791018,-3.967516,89.20,11,0.06,2.84,0.73,0,0,1,0,0,1,120,38,10,25.03,62.57,989.39,96237,0.2840,0.9100,0.4820
2025-08-30T18:57:31,51.791017,-3.967516,89.20,11,0.02,2.84,0.73,0,0,1,0,0,1,120,38,10,25.03,62.55,989.39,96237,0.2840,0.9320,0.4900
2025-08-30T18:57:32,51.791016,-3.967516,89.20,11,0.06,2.84,0.73,0,0,2,0,0,2,126,40,10,25.03,62.56,989.39,96292,0.2840,0.9100,0.4720
2025-08-30T18:57:33,51.791016,-3.967517,89.20,11,0.09,2.84,0.73,0,0,2,0,0,2,84,28,6,25.03,62.57,989.39,96126,0.2840,0.9360,0.4920
2025-08-30T18:57:34,51.791015,-3.967517,89.20,11,0.09,2.84,0.73,0,0,2,0,0,2,84,28,6,25.03,62.57,989.39,96015,0.2840,0.9260,0.4820
2025-08-30T18:57:35,51.791014,-3.967517,89.10,11,0.07,2.84,0.73,0,0,1,0,0,1,72,24,6,25.03,62.58,989.39,95960,0.2840,0.9220,0.4920
2025-08-30T18:57:36,51.791014,-3.967518,89.20,11,0.13,2.84,0.73,0,0,1,0,0,1,72,24,6,25.03,62.58,989.38,96237,0.2840,0.9320,0.5020
2025-08-30T18:57:37,51.791014,-3.967518,89.20,10,0.17,2.84,0.85,0,0,1,0,0,1,72,24,6,25.03,62.60,989.38,96126,0.2840,0.9260,0.4740
2025-08-30T18:57:38,51.791013,-3.967518,89.20,10,0.13,2.84,0.85,0,0,0,0,0,0,48,16,6,25.02,62.58,989.38,96292,0.2840,0.9200,0.5080
2025-08-30T18:57:39,51.791013,-3.967519,89.20,10,0.02,2.84,0.85,0,0,0,0,0,0,48,16,6,25.02,62.60,989.39,96292,0.2840,0.9120,0.4840
2025-08-30T18:57:40,51.791012,-3.967519,89.20,10,0.13,2.84,0.85,0,0,0,0,0,0,36,12,2,25.02,62.58,989.39,95685,0.2840,0.9180,0.4780
2025-08-30T18:57:41,51.791011,-3.967520,89.20,10,0.15,2.84,0.85,0,0,1,0,0,1,36,12,2,25.02,62.58,989.39,95905,0.2840,0.9120,0.4920
2025-08-30T18:57:42,51.791011,-3.967520,89.20,10,0.06,2.84,0.85,0,0,1,0,0,1,24,8,2,25.03,62.58,989.39,96571,0.2840,0.9280,0.5100
2025-08-30T18:57:43,51.791011,-3.967521,89.30,10,0.15,2.84,0.85,0,0,1,0,0,1,36,12,4,25.03,62.58,989.38,96292,0.2840,0.9320,0.4820
2025-08-30T18:57:44,51.791011,-3.967521,89.40,10,0.13,2.84,0.85,0,0,1,0,0,1,36,12,4,25.03,62.58,989.38,95795,0.2840,0.8960,0.4780
2025-08-30T18:57:45,51.791010,-3.967521,89.50,10,0.13,2.84,0.85,0,0,1,0,0,1,36,12,4,25.03,62.59,989.37,95905,0.2840,0.9080,0.4720
2025-08-30T18:57:46,51.791010,-3.967521,89.50,10,0.07,2.84,0.85,0,0,1,0,0,1,36,12,4,25.03,62.59,989.37,95575,0.2840,0.9140,0.4940
2025-08-30T18:57:47,51.791010,-3.967521,89.60,10,0.09,2.84,0.85,0,0,0,0,0,0,42,14,4,25.03,62.59,989.37,95411,0.2840,0.9100,0.4780
2025-08-30T18:57:48,51.791009,-3.967521,89.60,10,0.24,2.84,0.85,0,0,0,0,0,0,42,14,4,25.03,62.61,989.37,95575,0.2840,0.8920,0.4900
2025-08-30T18:57:49,51.791008,-3.967521,89.60,10,0.07,2.84,0.85,0,0,0,0,0,0,48,16,8,25.03,62.60,989.37,95575,0.2840,0.9260,0.5080
2025-08-30T18:57:50,51.791008,-3.967521,89.70,10,0.00,2.84,0.85,0,0,0,0,0,0,48,16,8,25.03,62.59,989.39,95905,0.2840,0.9280,0.4740
2025-08-30T18:57:51,51.791008,-3.967521,89.60,10,0.02,2.84,0.85,0,0,0,0,0,0,48,16,8,25.03,62.59,989.39,95630,0.2840,0.9140,0.4920
2025-08-30T18:57:52,51.791007,-3.967521,89.60,10,0.30,2.84,0.85,0,0,0,0,0,0,48,16,8,25.03,62.58,989.39,96237,0.2840,0.9100,0.4720
2025-08-30T18:57:53,51.791006,-3.967522,89.50,10,0.02,2.84,0.85,0,0,0,0,0,0,48,16,8,25.03,62.58,989.38,95795,0.2840,0.9140,0.4760
2025-08-30T18:57:54,51.791006,-3.967521,89.50,10,0.09,2.84,0.85,0,0,0,0,0,0,48,16,8,25.03,62.57,989.38,96181,0.2840,0.9060,0.4760
2025-08-30T18:57:55,51.791006,-3.967521,89.40,10,0.11,2.84,0.85,0,0,0,0,0,0,72,24,10,25.03,62.57,989.38,96515,0.2840,0.9080,0.4900
2025-08-30T18:57:56,51.791005,-3.967521,89.20,10,0.26,2.84,0.85,0,0,0,0,0,0,72,24,10,25.03,62.57,989.37,96126,0.2840,0.8680,0.4780
2025-08-30T18:57:57,51.791004,-3.967521,89.20,10,0.26,2.84,0.85,0,0,0,0,0,0,90,30,10,25.03,62.57,989.36,96181,0.2840,0.9040,0.4840
2025-08-30T18:57:58,51.791004,-3.967521,89.20,10,0.15,2.84,0.85,0,0,0,0,0,0,90,30,10,25.03,62.57,989.36,96126,0.2840,0.9080,0.4780
2025-08-30T18:57:59,51.791004,-3.967522,89.20,10,0.04,2.84,0.85,0,0,1,0,0,1,90,30,10,25.03,62.57,989.36,95630,0.2840,0.8820,0.4860
2025-08-30T18:58:00,51.791004,-3.967522,89.20,10,0.07,2.84,0.85,0,1,1,0,1,1,84,28,12,25.03,62.57,989.35,96126,0.2840,0.9180,0.4820
2025-08-30T18:58:01,51.791004,-3.967522,89.40,10,0.04,2.84,0.85,0,1,1,0,1,1,84,28,12,25.03,62.57,989.35,96571,0.2840,0.9000,0.4760
2025-08-30T18:58:02,51.791004,-3.967522,89.50,10,0.00,2.84,0.85,0,0,0,0,0,0,84,28,12,25.03,62.55,989.35,96739,0.2840,0.9000,0.4760
2025-08-30T18:58:03,51.791003,-3.967521,89.50,10,0.00,2.84,0.85,0,0,0,0,0,0,84,28,12,25.03,62.56,989.35,96348,0.2840,0.9040,0.4880
2025-08-30T18:58:04,51.791003,-3.967521,89.50,10,0.04,2.84,0.85,0,0,0,0,0,0,90,28,10,25.03,62.53,989.35,96181,0.2840,0.8920,0.4740
2025-08-30T18:58:05,51.791003,-3.967521,89.70,10,0.09,2.84,0.85,0,0,0,0,0,0,78,24,6,25.03,62.54,989.35,96907,0.2840,0.9100,0.4960
2025-08-30T18:58:06,51.791003,-3.967520,89.80,10,0.17,2.84,0.85,0,0,0,0,0,0,78,24,6,25.03,62.51,989.34,96403,0.2840,0.8840,0.4780
2025-08-30T18:58:07,51.791003,-3.967519,89.70,10,0.15,2.84,0.85,0,0,0,0,0,0,78,24,6,25.03,62.51,989.35,96126,0.2840,0.9180,0.4900
2025-08-30T18:58:08,51.791002,-3.967519,89.70,10,0.09,2.84,0.85,0,0,0,0,0,0,78,24,6,25.03,62.49,989.36,96571,0.2840,0.9180,0.4880
2025-08-30T18:58:09,51.791002,-3.967518,89.60,10,0.17,2.84,0.85,0,0,0,0,0,0,84,26,6,25.03,62.49,989.35,96015,0.2840,0.9360,0.4840
2025-08-30T18:58:10,51.791001,-3.967517,89.60,11,0.06,2.84,0.85,0,0,0,0,0,0,84,26,6,25.03,62.49,989.36,96739,0.2840,0.8840,0.4980
2025-08-30T18:58:11,51.791001,-3.967516,89.70,11,0.04,2.84,0.85,0,0,0,0,0,0,90,28,6,25.03,62.51,989.36,96403,0.2840,0.9340,0.4820
2025-08-30T18:58:12,51.791001,-3.967516,89.70,11,0.02,2.84,0.85,0,0,0,0,0,0,66,20,4,25.03,62.51,989.35,96403,0.2840,0.9260,0.4900
2025-08-30T18:58:13,51.791000,-3.967515,89.70,11,0.02,2.84,0.85,0,0,0,0,0,0,66,20,4,25.03,62.52,989.36,96348,0.2840,0.9160,0.4840
2025-08-30T18:58:14,51.791000,-3.967514,89.70,11,0.11,2.84,0.85,0,0,0,0,0,0,60,16,4,25.03,62.52,989.37,96515,0.2840,0.9160,0.4940
2025-08-30T18:58:15,51.791000,-3.967513,89.70,11,0.00,2.84,0.85,0,0,0,0,0,0,60,16,4,25.03,62.55,989.37,96292,0.2840,0.9260,0.4840
2025-08-30T18:58:16,51.790999,-3.967512,89.60,10,0.04,2.84,0.85,0,0,0,0,0,0,60,16,4,25.03,62.55,989.37,96015,0.2840,0.8900,0.4720
2025-08-30T18:58:17,51.790998,-3.967511,89.60,10,0.06,2.84,0.85,0,0,0,0,0,0,48,12,0,25.03,62.55,989.37,96126,0.2840,0.9120,0.4660
2025-08-30T18:58:18,51.790998,-3.967511,89.60,10,0.11,2.84,0.85,0,0,0,0,0,0,48,12,0,25.03,62.56,989.37,96126,0.2840,0.9060,0.4880
2025-08-30T18:58:19,51.790998,-3.967510,89.60,10,0.02,2.84,0.85,0,0,0,0,0,0,66,18,2,25.03,62.57,989.36,96070,0.2840,0.9140,0.4900
2025-08-30T18:58:20,51.790997,-3.967509,89.50,10,0.02,2.84,0.85,0,0,0,0,0,0,66,18,2,25.03,62.57,989.36,96292,0.2840,0.9040,0.4900
2025-08-30T18:58:21,51.790997,-3.967509,89.50,10,0.17,2.84,0.85,0,0,0,0,0,0,48,14,2,25.03,62.57,989.36,95905,0.2840,0.9380,0.4920
2025-08-30T18:58:22,51.790997,-3.967509,89.50,10,0.02,2.84,0.85,0,0,0,0,0,0,54,16,2,25.03,62.59,989.36,96015,0.2840,0.9140,0.4760
2025-08-30T18:58:23,51.790997,-3.967508,89.50,9,0.04,2.84,1.05,0,0,0,0,0,0,54,16,2,25.03,62.59,989.37,96015,0.2840,0.9360,0.4760
2025-08-30T18:58:24,51.790997,-3.967508,89.40,9,0.15,2.84,1.05,0,0,0,0,0,0,60,18,2,25.03,62.61,989.37,96292,0.2840,0.9260,0.4880
2025-08-30T18:58:25,51.790997,-3.967507,89.30,10,0.06,2.84,1.05,0,0,0,0,0,0,60,18,2,25.03,62.60,989.36,96459,0.2840,0.9140,0.4820
2025-08-30T18:58:26,51.790997,-3.967507,89.20,10,0.07,2.84,1.05,0,0,1,0,0,1,108,34,8,25.03,62.62,989.36,96515,0.2840,0.9080,0.5020
2025-08-30T18:58:27,51.790997,-3.967506,89.10,10,0.04,2.84,1.05,0,0,1,0,0,1,102,32,8,25.03,62.61,989.36,96459,0.2840,0.8880,0.5220
2025-08-30T18:58:28,51.790997,-3.967506,89.00,10,0.09,2.84,1.05,0,0,1,0,0,1,102,32,8,25.03,62.63,989.36,97076,0.2840,0.9140,0.4720
2025-08-30T18:58:29,51.790997,-3.967506,88.90,10,0.17,2.84,1.05,0,0,2,0,0,2,114,36,10,25.03,62.62,989.36,95905,0.2840,0.9100,0.4780
2025-08-30T18:58:30,51.790996,-3.967505,88.70,10,0.00,2.84,1.05,0,0,2,0,0,2,114,36,10,25.03,62.61,989.36,96459,0.2840,0.9100,0.4840
2025-08-30T18:58:31,51.790997,-3.967505,88.70,10,0.02,2.84,1.05,0,0,3,0,0,3,108,36,12,25.03,62.60,989.37,96459,0.2840,0.9320,0.4740
2025-08-30T18:58:32,51.790997,-3.967505,88.60,10,0.09,2.84,1.05,0,0,3,0,0,3,108,36,12,25.03,62.61,989.37,96571,0.2840,0.9100,0.4740
2025-08-30T18:58:33,51.790996,-3.967504,88.40,9,0.15,2.84,1.05,0,0,3,0,0,3,108,36,12,25.03,62.59,989.37,96571,0.2840,0.9080,0.4740
2025-08-30T18:58:34,51.790997,-3.967504,88.40,10,0.13,2.84,1.05,0,0,3,0,0,3,114,38,12,25.03,62.61,989.38,96070,0.2840,0.8960,0.4660
2025-08-30T18:58:35,51.790997,-3.967504,88.30,10,0.02,2.84,1.05,0,0,3,0,0,3,114,38,12,25.03,62.60,989.37,96459,0.2840,0.9200,0.4780
2025-08-30T18:58:36,51.790998,-3.967504,88.20,10,0.04,2.84,0.85,0,0,3,0,0,3,102,34,10,25.03,62.60,989.38,96571,0.2840,0.9160,0.5020
2025-08-30T18:58:37,51.790998,-3.967504,88.20,10,0.09,2.84,0.85,0,0,3,0,0,3,102,34,10,25.03,62.58,989.38,96126,0.2840,0.9020,0.4660
2025-08-30T18:58:38,51.790999,-3.967504,88.20,11,0.15,2.84,0.85,0,0,3,0,0,3,102,34,10,25.03,62.57,989.39,96292,0.2840,0.9100,0.4780
2025-08-30T18:58:39,51.791000,-3.967503,88.10,11,0.06,2.84,0.85,0,0,4,0,0,4,144,46,14,25.03,62.57,989.39,96181,0.2840,0.9180,0.4820
2025-08-30T18:58:40,51.791001,-3.967503,88.20,11,0.06,2.84,0.85,0,0,4,0,0,4,144,46,14,25.03,62.55,989.39,95795,0.2840,0.9080,0.4780
2025-08-30T18:58:41,51.791001,-3.967503,88.10,11,0.04,2.84,0.85,0,0,4,0,0,4,138,44,14,25.03,62.57,989.39,96683,0.2840,0.9220,0.4840
2025-08-30T18:58:42,51.791001,-3.967503,88.10,11,0.07,2.84,0.85,0,0,4,0,0,4,138,44,14,25.03,62.57,989.40,96126,0.2840,0.9140,0.4580
2025-08-30T18:58:43,51.791002,-3.967503,88.10,11,0.00,2.84,0.85,0,0,1,0,0,1,78,24,8,25.03,62.57,989.40,96015,0.2840,0.9100,0.4760
2025-08-30T18:58:44,51.791002,-3.967503,88.10,11,0.11,2.84,0.85,0,0,1,0,0,1,78,24,8,25.03,62.58,989.40,95960,0.2840,0.9160,0.4940
2025-08-30T18:58:45,51.791003,-3.967503,88.20,11,0.06,2.84,0.85,0,0,1,0,0,1,78,24,8,25.02,62.56,989.40,96126,0.2840,0.9320,0.4760
